id,name,ostan,shahrestan,bakhsh,amar_code
1,آب انار,6,3,489,1606010003
2,آب باران,13,12,184,626020002
3,آب باریک,22,258,908,505010001
4,آب بر,14,288,785,1908020001
5,آب رییس,16,52,84,1101010001
6,آب گرم,3,249,589,2410010001
7,آب نما,29,216,998,2207020001
8,آبادان,16,52,252,1101060002
9,آباده طشک,17,66,822,735010001
10,آبدان,7,197,2,1805030001
11,آبروان,11,396,284,916060001
12,آبرومند,30,93,1003,1307020004
13,آبژدان,13,45,3,621010001
14,آبش احمد,1,343,4,315030001
15,آبشار,13,268,769,611010001
16,آبشور,17,175,444,705040001
17,آبعلی,8,191,298,2302030001
18,آبکش,7,197,80,1805010003
19,آبگرم,18,15,5,2606020001
20,آبیدر,20,259,866,1204030001
21,آجرلوی شرقی,2,411,63,408050002
22,آجرلوی غربی,2,411,63,408050003
23,آجم,23,355,271,1702060003
24,آجی چای,1,115,640,303030001
25,آختاچی,2,89,658,410020001
26,آختاچی شرقی,2,89,375,410010001
27,آختاچی غربی,2,404,670,407020001
28,آختاچی محالی,2,89,375,410010002
29,آدران,5,336,7,3001030001
30,آذری,12,30,744,2801020001
31,آذغان,1,48,637,302020001
32,آرد,17,361,20,727020001
33,آرندان,20,259,866,1204030002
34,آزادگان,21,214,877,804020001
35,آزادگان,27,367,971,222020002
36,آزادلو,3,365,1036,2405050002
37,آزاده,13,204,1024,619020001
38,آسارا,5,336,7,3001030002
39,آسپاس,17,39,335,703010001
40,آستانه,11,212,729,927020001
41,آستانه,28,269,985,7010001
42,آسفیج,31,92,8,2111010001
43,آسمان آباد,6,146,629,1604020001
44,آسیاب,13,43,752,616020001
45,آشار,16,408,10,1113020001
46,آشکارا,29,149,434,2208010003
47,آشناخور,28,165,980,4010001
48,آغاجاری,13,12,758,626010001
49,آغمیون,1,239,644,305010002
50,آفتاب,8,126,11,2301030001
51,آفریز,10,318,334,2904050001
52,آق آباد,24,371,926,2706040001
53,آق التین,24,13,916,2708020001
54,آق بلاغ,14,155,333,1903040001
55,آق سو,24,342,922,2709020001
56,آق کهریز,28,236,1070,6040001
57,آگاهان,22,258,496,505020001
58,آلاداغ,12,65,745,2802040001
59,آلان,2,248,665,404010001
60,آلان برآغوش,1,239,1041,305020002
61,آلمالو,1,440,1065,311030001
62,آلمه,12,384,357,2806010001
63,آلیان,25,312,343,109030001
64,آواجیق جنوبی,2,141,260,414010002
65,آواجیق شمالی,2,141,260,414010001
66,آورزمان,30,398,331,1302020001
67,آویز,17,301,839,722010001
68,آهندان,25,376,942,111020001
69,آهودشت,13,276,384,614010001
70,آیسک,10,241,13,2906010001
71,ابارق,21,77,266,802080001
72,ابتر,16,52,794,1101050001
73,ابراهیم آباد,18,91,276,2601020001
74,ابرج,17,392,255,712050001
75,ابرده,11,102,383,932020002
76,ابرشیوه,8,191,687,2302020001
77,ابرغان,1,239,644,305010001
78,ابرو,30,443,1011,1304070001
79,ابریشم,4,310,611,1008020001
80,ابوالحیات,17,350,514,733020002
81,ابوالفارس,13,205,14,610050001
82,ابوالوردی,17,105,126,723020001
83,ابوغویر,6,196,258,1603050002
84,ابهررود,14,18,779,1901030001
85,اترک,12,384,573,2806020001
86,اترک,24,371,250,2706020001
87,اجارودشرقی,3,365,1036,2405050001
88,اجارودشمالی,3,365,591,2405040005
89,اجارودغربی,3,365,591,2405040002
90,اجارودمرکزی,3,365,591,2405040003
91,احمد آباد مستوفی,8,33,15,2310030001
92,احمدآباد,5,422,624,3003010001
93,احمدآباد,2,122,141,412020001
94,احمدآباد,17,39,216,703030001
95,احمدآباد,17,314,841,709030001
96,احمدسرگوراب,25,274,17,112010001
97,احمدفداله,13,183,403,608040002
98,احمدی,29,149,18,2208030001
99,اخترآباد,8,397,412,2317020002
100,اختیارآباد,21,338,887,808050001
101,اخند,7,294,680,1810010002
102,ادیمی,16,434,814,1115010001
103,ارجستان,3,249,332,2410020002
104,اردلان,1,239,1041,305020001
105,اردوغش,11,432,310,917020001
106,ارزوییه,21,24,870,823010001
107,ارزیل,1,436,225,324010001
108,ارژنگ,17,245,69,732020002
109,ارسک,10,76,23,2908020001
110,ارسی,1,132,641,319020002
111,ارشق شرقی,3,20,584,2401010001
112,ارشق شمالی,3,395,24,2404010001
113,ارشق غربی,3,395,580,2404040001
114,ارشق مرکزی,3,395,24,2404010003
115,ارکوازی,6,53,205,1601020001
116,ارم,7,185,25,1803040001
117,ارمند,9,153,26,1410020001
118,ارمو,6,182,630,1602030001
119,ارنان,31,409,1019,2104010001
120,ارودان,17,406,851,721020004
121,ازغند,11,403,378,930010001
122,ازگله,22,128,28,512020001
123,ازنا,26,157,949,1503060001
124,ازومدل جنوبی,1,436,655,324020001
125,ازومدل شمالی,1,436,655,324020002
126,اسالم,25,291,29,104050001
127,اسبوکلا,27,55,956,202020004
128,اسپران,1,115,640,303030002
129,استای,11,285,178,940020002
130,استبرق,21,279,882,807010001
131,استخرپشت,27,424,1089,219020001
132,استرآباد,24,295,498,2703020001
133,استرآبادجنوبی,24,362,924,2705020001
134,استرآبادشمالی,24,362,108,2705030001
135,اسحق آباد,11,432,310,917020002
136,اسفرجان,4,280,608,1009020001
137,اسفندار,31,16,109,2107010001
138,اسفندان,28,344,987,11010001
139,اسفندقه,21,138,31,803060001
140,اسفندک,16,240,1043,1106060002
141,اسفیوردشوراب,27,233,963,207030001
142,اسکل آباد,16,120,796,1121010001
143,اسلام آباد,3,103,32,2406040001
144,اسلام آباد,21,138,874,803040002
145,اسلام آباد,21,227,880,805020001
146,اسلام آباد,25,211,360,105020001
147,اسلامیه,21,214,877,804020002
148,اسماعیل آباد,8,94,104,2319020001
149,اسماعیل آباد,16,152,798,1103010006
150,اسماعیلی,21,138,34,803050001
151,اسماعیلیه جنوبی,13,49,35,603040002
152,اسماعیلیه شمالی,13,49,35,603040001
153,اسیر,17,406,36,721040001
154,اشترجان,4,310,611,1008020004
155,اشترینان,26,71,37,1502010001
156,اشتین,11,57,71,937020002
157,اشکنان,17,375,38,715030001
158,اشکور,27,203,962,206010004
159,اشکور سفلی,25,219,282,107020001
160,اشکور علیا و سیارستاق ییلاق,25,219,282,107020002
161,اشن,4,419,1042,1014030001
162,اشنویه جنوبی,2,36,1059,413020001
163,اشنویه شمالی,2,36,657,413010001
164,اشیان,4,378,614,1012030001
165,اصلاندوز شرقی,3,38,585,2411010003
166,اصلاندوز غربی,3,38,585,2411010001
167,اطاقور,25,380,39,110020001
168,افرینه,26,109,1030,1508020001
169,افزر,17,329,40,720010001
170,افشار,2,122,661,412010001
171,افشاریه,18,113,234,2602020001
172,افین,10,232,321,2909020001
173,اقبال شرقی,18,322,858,2603050001
174,اقبال غربی,18,322,858,2603050002
175,اک,18,113,30,2602010001
176,اکبرآباد,16,447,450,1111020002
177,الغچین,23,145,895,1706010002
178,القورات,10,99,707,2901040001
179,الله اکبر,13,184,766,609020001
180,الموت بالا,18,322,288,2603020001
181,الموت پایین,18,322,288,2603020002
182,المهدی,2,423,577,409030001
183,المهدی,30,398,183,1302010001
184,الند,2,174,413,403030001
185,الوارس,3,249,589,2410010002
186,الوند,14,159,782,1907010001
187,الوند,22,324,910,506020001
188,الوندکوه شرقی,30,443,1011,1304070002
189,الوندکوه غربی,30,443,1011,1304070003
190,الویر,28,228,232,10010001
191,اله آباد,31,448,304,2105040001
192,الهایی,13,49,755,603020002
193,امام,20,252,43,1203040001
194,امامزاده آقاعلی عباس,4,421,45,1015020001
195,امامزاده ابوطالب,8,208,688,2312020001
196,امامزاده جعفر,23,360,898,1703020001
197,امامزاده حمزه علی,9,72,91,1401040001
198,امامزاده سیدمحمود,13,183,403,608040003
199,امامزاده عبدالعزیز,4,37,168,1002060001
200,امامزاده عبدالله جنوبی,27,307,270,223010002
201,امامزاده عبدالله شمالی,27,307,270,223010001
202,امامزاده علی (ع),17,226,280,730020002
203,امامزاده محمد,17,331,237,710060001
204,امان آباد,28,19,977,1020001
205,امجز,21,296,883,812010001
206,املش جنوبی,25,42,929,113020001
207,املش شمالی,25,42,929,113020002
208,امیرآباد,20,334,1034,1208020001
209,امیرآباد,21,24,414,823020002
210,امیریه,28,19,977,1020002
211,اناج,28,168,452,12010001
212,اناران,6,196,631,1603020001
213,انارستان,7,133,301,1809010001
214,انارستان,17,331,843,710040004
215,انجیرآب,24,362,924,2705020003
216,انجیرلو,3,101,586,2402010001
217,اندوهجرد,21,338,400,808020001
218,انده,16,415,812,1117010004
219,انزان شرقی,24,83,917,2701010001
220,انزان غربی,24,83,917,2701010002
221,انزل جنوبی,2,26,51,401010001
222,انزل شمالی,2,26,51,401010002
223,انصار,2,122,661,412010002
224,انگالی,7,88,673,1801020001
225,انگوت شرقی,3,365,52,2405010001
226,انگوت غربی,3,365,52,2405010002
227,انگوران,14,385,53,1909010001
228,انی,3,365,591,2405040004
229,اوباتو,20,199,484,1207010001
230,اوجان شرقی,1,73,150,313010001
231,اوجان غربی,1,73,638,313020001
232,اوچ تپه شرقی,1,413,651,310040001
233,اوچ تپه غربی,1,413,142,310010001
234,اوچ هاچا,1,48,637,302020002
235,اورامان تخت,20,250,54,1209010001
236,اوریاد,14,385,786,1909020001
237,اوز,17,47,820,736010002
238,اوزرود,27,426,92,214010001
239,اوشیان,25,219,187,107040001
240,اولتان,3,103,587,2406010004
241,اولی,7,197,678,1805020003
242,اهرم,7,124,674,1802020001
243,اهلمرستاق جنوبی,27,388,972,218020001
244,اهلمرستاق شمالی,27,388,972,218020002
245,ایپک,5,34,619,3005010002
246,ایتیوندجنوبی,26,188,472,1504010001
247,ایتیوندشمالی,26,188,472,1504010002
248,ایثار,31,151,1022,2109020001
249,ایج,17,28,818,702020001
250,ایجرودبالا,14,50,780,1906020001
251,ایجرودپایین,14,50,218,1906010001
252,ایرافشان,16,408,10,1113020002
253,ایرندگان,16,152,55,1103030001
254,ایزدخواست,17,2,821,701040001
255,ایزدخواست شرقی,17,229,56,719010001
256,ایزدخواست غربی,17,229,56,719010002
257,ایسین,29,82,992,2202040001
258,ایل تیمور,2,89,658,410020002
259,ایل گورک,2,89,658,410020003
260,ایلات قاقازان شرقی,18,322,517,2603070001
261,ایلات قاقازان غربی,18,322,517,2603070002
262,ایوانکی,15,363,58,2004010002
263,ایواوغلی,2,174,59,403040001
264,باباافضل,4,332,82,1010050001
265,باباامان,12,65,745,2802040002
266,بابارشانی,20,98,204,1202010001
267,بابل کنار,27,55,61,202040001
268,بابلرود,27,56,957,216020002
269,بابویی,23,58,105,1707020001
270,باراندوز,2,26,656,401040001
271,باراندوزچای جنوبی,2,26,656,401040002
272,باراندوزچای شمالی,2,26,656,401040003
273,بارز,9,377,1032,1404040001
274,باروق,1,439,652,316020003
275,باروق,2,411,63,408050001
276,باریک رود جنوبی,27,307,968,223020002
277,باریک رود شمالی,27,307,968,223020001
278,بازان,22,134,904,509030003
279,بازرجان,28,121,979,3020001
280,بازفت بالا,9,353,65,1406010001
281,بازفت پایین,9,353,65,1406010003
282,بازکیاگوراب,25,376,942,111020002
283,بازوند,26,220,952,1511020002
284,باسک کولسه,2,248,665,404010002
285,باش قلعه,2,26,656,401040004
286,باشتین,11,178,66,939020001
287,باغ صفا,17,245,69,732020001
288,باغ کشمیر,11,285,733,940010001
289,باغان,17,167,579,724010001
290,باغستان,10,303,33,2907030001
291,باغستان,17,87,823,716020001
292,باغک,7,124,674,1802020002
293,باغلق,12,201,747,2808010002
294,باغلی ماراما,24,371,926,2706040002
295,باغین,21,338,887,808050002
296,بافران,4,418,616,1013030001
297,باقرآباد,28,387,988,9010001
298,باقران,10,99,707,2901040008
299,بالا دشت,12,364,750,2807010002
300,بالابند,11,308,734,922020001
301,بالاتجن,27,317,969,210020001
302,بالاجام,11,116,1063,906030001
303,بالاجوین,11,136,722,936010001
304,بالاخواف,11,169,352,919040001
305,بالاخیابان لیتکوه,27,14,46,201040001
306,بالادربند,22,339,911,502040001
307,بالاده,17,373,116,711050003
308,بالارخ,11,117,170,905070004
309,بالالاریجان,27,14,559,201010001
310,بالاولایت,11,57,71,937020001
311,بالاولایت,11,117,720,905060001
312,بالاولایت,11,333,737,914040001
313,بالش,17,175,831,705030001
314,بالغلو,3,20,584,2401010002
315,بام,12,30,72,2801010001
316,بان زرده,22,176,905,513020001
317,بانش,17,100,73,731020001
318,باوله,22,258,908,505010003
319,باویل,1,31,636,322020001
320,باهوکلات,16,187,74,1122020001
321,بایک,11,117,75,905010001
322,ببه جیک,2,141,662,414020003
323,بجستان,11,64,716,931010001
324,بجگان,21,402,9,813020001
325,بختاجرد,17,175,831,705030003
326,بختگان,17,66,822,735010002
327,بدر,20,321,867,1205020001
328,بدر,22,215,906,514020001
329,بدرانلو,12,65,745,2802040003
330,بدوستان شرقی,1,439,652,316020001
331,بدوستان غربی,1,439,245,316010001
332,برآفتاب,4,257,123,1005030002
333,براآن جنوبی,4,37,596,1002030001
334,براآن شمالی,4,37,596,1002030002
335,برادوست,2,26,416,401030001
336,براکوه,10,172,174,2910020001
337,بران,3,38,77,2411020001
338,بربرودشرقی,26,41,78,1501060001
339,بربرودغربی,26,41,79,1501050001
340,برج اکرم,21,313,885,819010001
341,برخوارشرقی,4,68,213,1022010001
342,برخوارغربی,4,272,607,1016030001
343,برخوارمرکزی,4,68,598,1022020002
344,بردخون,7,197,80,1805010001
345,برده سره,26,71,37,1502010002
346,بررود,11,354,81,941020001
347,برزاوند,4,21,595,1001010001
348,برزرود,4,421,618,1015010002
349,برزنون,11,432,349,917030003
350,برغان,5,235,203,3002030001
351,برف انبار,4,306,610,1007010001
352,برکوه,11,354,739,941010002
353,برنطین,29,216,118,2207040002
354,بروانان شرقی,1,413,142,310010002
355,بروانان غربی,1,413,142,310010003
356,بروانان مرکزی,1,413,142,310010004
357,برون,10,303,33,2907030002
358,بریاجی,2,248,665,404010003
359,بزکش,1,48,637,302020003
360,بزمان,16,52,84,1101010002
361,بزنجان,21,60,871,801030001
362,بزی,16,434,814,1115010002
363,بزینه رود,14,155,85,1903020001
364,بستان,11,169,359,919010003
365,بستان,13,184,86,609010001
366,بسطام,2,144,663,416020001
367,بسطاملو,1,154,643,326010001
368,بشاریات شرقی,18,4,88,2604010001
369,بشاریات غربی,18,4,88,2604010002
370,بشیوه پاطاق,22,244,907,504010007
371,بغراطی,30,209,344,1308010001
372,بفروییه,31,414,89,2106030001
373,بقمج,11,148,723,918020003
374,بکان,17,39,216,703030003
375,بکرآباد,1,436,655,324020003
376,بکش دو,17,401,850,713030001
377,بکش یک,17,401,850,713030002
378,بکشلوچای,2,26,656,401040005
379,بلده,27,123,233,205040001
380,بلده کجور,27,427,976,215040001
381,بلسبنه,25,211,503,105030001
382,بلوچی,16,242,1061,1123040002
383,بلوران,26,352,253,1506050001
384,بلورد,21,264,93,806050001
385,بلوکات,25,217,281,106010001
386,بله که,20,62,6,1201010003
387,بلهرات,11,432,1045,917050001
388,بلیان,17,331,843,710040001
389,بم پشت,16,240,94,1106050001
390,بمانی,29,266,95,2212010001
391,بمپورشرقی,16,78,795,1120010001
392,بمپورغربی,16,78,490,1120020001
393,بن معلی,13,276,770,614020001
394,بناب,1,391,649,307020001
395,بناب,14,230,783,1904050003
396,بناجوی شرقی,1,80,639,312010001
397,بناجوی شمالی,1,80,639,312010002
398,بناجوی غربی,1,80,639,312010003
399,بنادکوک,31,119,1078,2103030001
400,بنارویه,17,373,97,711070001
401,بنافت,27,233,265,207020001
402,بنت,16,433,98,1107010001
403,بنجار,16,223,802,1104040001
404,بندامیر,17,226,833,730010002
405,بندان,10,429,714,2905020001
406,بندر,29,416,358,2205020001
407,بندرامام خمینی,13,85,101,605010002
408,بندرچارک,29,84,405,2203020001
409,بندزرک,29,416,102,2205050001
410,بنستان,31,92,8,2111010002
411,بنفشه تپه,24,83,1076,2701020001
412,بنی صالح,13,446,1079,623010001
413,بوالحسن,20,62,1068,1201030003
414,بوالخیر,7,124,263,1802010001
415,بوچیر,29,104,994,2211020001
416,بورکی,17,331,237,710060002
417,بوزی,13,268,769,611010002
418,بوشکان,7,185,106,1803050001
419,بوغداکندی,14,230,783,1904050004
420,بولی,6,53,205,1601020002
421,بویراحمدگرمسیری,23,360,898,1703020002
422,بویین,20,62,1069,1201040001
423,بهادران,31,409,1019,2104010005
424,بهارستان,4,418,616,1013030002
425,بهدشت,29,104,508,2211010001
426,بهرام آباد,8,33,683,2310020004
427,بهرمان,21,214,1075,804040001
428,بهمن,17,2,110,701050002
429,بهمنشیرجنوبی,13,1,757,601020001
430,بهمنشیرشمالی,13,1,757,601020002
431,بهمیی سرحدی شرقی,23,355,271,1702060001
432,بهمیی سرحدی غربی,23,355,271,1702060002
433,بهمیی گرمسیری جنوبی,23,97,893,1705020001
434,بهمیی گرمسیری شمالی,23,97,111,1705010001
435,بهناباد,10,232,380,2909030002
436,بهنام پازوکی جنوبی,8,435,695,2306030001
437,بهنام عرب جنوبی,8,435,180,2306020001
438,بهنام وسط شمالی,8,435,695,2306030003
439,بهنام وسطجنوبی,8,435,180,2306020002
440,بهنمیر,27,56,112,216030001
441,بهی دهبکری,2,89,375,410010003
442,بهی فیض اله بیگی,2,89,658,410020004
443,بی بالان,25,219,492,107050001
444,بی بی حکیمه,23,360,898,1703020003
445,بی بی سکینه,8,397,412,2317020001
446,بیابان,29,266,999,2212020001
447,بیابانک,4,171,604,1023010001
448,بیات,28,236,1070,6040002
449,بیارجمند,15,270,113,2003020001
450,بیاض,21,44,49,820010001
451,بیجنوند,6,146,306,1604050001
452,بیدزرد,17,283,838,707050001
453,بیدشهر,17,47,114,736020001
454,بیدک,17,2,821,701040003
455,بیرانوندجنوبی,26,157,115,1503030001
456,بیرانوندشمالی,26,157,115,1503030002
457,بیرک,16,408,811,1113010002
458,بیرم,17,373,116,711050002
459,بیرون بشم,27,142,583,220030001
460,بیزکی,11,148,536,918010001
461,بیساران,20,250,864,1209020002
462,بیشه سر,27,317,969,210020002
463,بیضاء,17,100,824,731010001
464,بیکاه,29,216,118,2207040001
465,بیگم قلعه,2,423,672,409020001
466,بیلری,16,152,129,1103040002
467,بیلوار,20,334,868,1208010001
468,بینالود,11,432,743,917040005
469,بیونیج,22,176,905,513020002
470,بیهق,11,237,393,908060001
471,پاتاوه,23,192,121,1704010001
472,پاچه لک شرقی,26,41,946,1501030003
473,پاچه لک غربی,26,27,945,1507020001
474,پادناسفلی,4,257,122,1005010001
475,پادناعلیا,4,257,123,1005030001
476,پادناوسطی,4,257,122,1005010003
477,پارسینه,22,258,908,505010008
478,پارمون,29,75,526,2213030002
479,پارود,16,202,124,1108050001
480,پاریز,21,264,125,806020001
481,پازوار,27,56,291,216040001
482,پاسخن,17,175,439,705060002
483,پاقلعه,21,279,882,807010002
484,پالیزان,24,390,927,2712010002
485,پایگلان,20,250,864,1209020003
486,پایین برزند,3,365,52,2405010003
487,پایین جوین,11,131,1090,934020001
488,پایین خواف,11,169,359,919010001
489,پایین خیابان لیتکوه,27,14,955,201020002
490,پایین رخ,11,117,170,905070002
491,پایین طالقان,5,289,621,3004010002
492,پایین ولایت,11,114,718,904020001
493,پایین ولایت,11,117,720,905060002
494,پایین ولایت,11,333,737,914040002
495,پایین ولایت,11,396,284,916060002
496,پترگان,10,232,710,2909010001
497,پراشکفت,17,401,181,713060002
498,پرزیتون,17,314,1051,709040001
499,پس کلوت,11,369,740,915020001
500,پساکوه,11,340,308,928010001
501,پسکوه,10,318,334,2904050002
502,پسکوه,16,263,807,1114010002
503,پسیخان,25,211,933,105050001
504,پشت آربابا,20,62,6,1201010001
505,پشت پر,17,137,374,704020001
506,پشت تنگ,22,244,907,504010001
507,پشت دربند,22,339,119,502080002
508,پشت رود,21,420,891,821010001
509,پشتکوه,7,185,106,1803050002
510,پشتکوه,8,315,691,2314020001
511,پشتکوه,9,23,696,1405010001
512,پشتکوه,9,377,441,1404010003
513,پشتکوه,15,405,402,2005010001
514,پشتکوه,16,152,129,1103040001
515,پشتکوه,27,233,210,207010001
516,پشتکوه رستم,17,210,361,726010002
517,پشتکوه موگویی,4,306,610,1007010002
518,پشته ذیلایی,23,145,348,1706020002
519,پل به بالا,17,137,374,704020002
520,پل به پایین,17,137,374,704020003
521,پل خاتون,11,246,582,920010001
522,پل دوآب,28,269,307,7030001
523,پلان,16,143,131,1102040001
524,پلنگ آباد,5,34,132,3005020001
525,پلنگا,3,162,385,2403030001
526,پلنگانه,22,134,904,509030001
527,پنج هزاره,27,96,958,204020003
528,پنجک رستاق,27,427,478,215020001
529,پنجه علی جنوبی,20,321,867,1205020003
530,پنجه علی شمالی,20,321,867,1205020002
531,پی رجه,27,424,974,219010001
532,پی وشک,29,130,570,2206030001
533,پیان,13,51,756,604030001
534,پیراکوه,11,136,722,936010002
535,پیران,2,111,660,402010001
536,پیربازار,25,211,933,105050002
537,پیرتاج,20,98,204,1202010002
538,پیرحاجات,10,290,712,2911020001
539,پیرسلیمان,30,29,134,1306020001
540,پیرسهراب,16,143,797,1102020001
541,پیرکوه,25,262,272,115010001
542,پیریوسفیان,18,40,853,2605020001
543,پیشخور,30,300,135,1309020001
544,پیشکوه,10,318,713,2904020001
545,پیشکوه,31,119,1017,2103020001
546,پیشکوه ذلقی,26,41,275,1501040001
547,پیشکوه موگویی,4,306,610,1007010003
548,پیشوا,8,112,685,2318010001
549,پیشین,16,202,137,1108010001
550,پیغان چایی,1,343,647,315020002
551,پیوه ژن,11,396,16,916010002
552,تاررود,8,191,687,2302020003
553,تازه کند,3,103,138,2406030002
554,تازه کند,1,115,236,303040001
555,تازیان,29,82,992,2202040002
556,تالارپی,27,267,139,226020001
557,تبادکان,11,396,741,916050001
558,تتارستاق,27,426,92,214010002
559,تجن,11,246,732,920020001
560,تخت,29,82,140,2202050001
561,تخت جلگه,11,316,735,933010001
562,تختان,6,196,337,1603040001
563,ترجان,20,252,865,1203020001
564,ترک شرقی,30,398,1009,1302030008
565,ترک غربی,30,398,183,1302010003
566,ترکمان,2,26,656,401040006
567,ترگور,2,26,373,401020001
568,تشان,7,133,301,1809010003
569,تشان شرقی,13,95,144,606040001
570,تشان غربی,13,95,144,606040002
571,تشکن,26,147,198,1510010001
572,تشویر,14,288,555,1908030002
573,تفتان جنوبی,16,120,796,1121010002
574,تکاب,11,179,728,907030001
575,تکاب,11,354,81,941020002
576,تکاب,21,338,400,808020002
577,تکاب کوه میش,11,237,393,908060002
578,تکمران,12,284,340,2804010001
579,تل بزان,13,394,541,613040001
580,تلخاب,23,58,105,1707020002
581,تلخاب,28,302,244,13020002
582,تلنگ,16,325,145,1118030001
583,تمبک,7,346,681,1806020005
584,تمبی گلگیر,13,394,541,613040002
585,تمران,24,342,922,2709020002
586,تمشکل,27,123,1062,205030001
587,تموغه,20,252,865,1203020002
588,تمین,16,415,557,1117020001
589,تنب,29,17,146,2201010001
590,تنکمان جنوبی,5,422,147,3003020001
591,تنکمان شمالی,5,422,147,3003020002
592,تنگ چنار,31,409,1019,2104010002
593,تنگ نارک,17,167,830,724020001
594,تنگ هفت,26,157,120,1503020006
595,تنگه سلیمان,27,233,497,207050001
596,توابع کجور,27,427,478,215020002
597,توت نده,23,192,896,1704030001
598,توتان ومهمدان,16,433,98,1107010002
599,توتکی,25,262,937,115020001
600,توجردی,17,245,836,732010001
601,تودشک,4,37,510,1002020002
602,توس,11,396,741,916050002
603,توسکاچشمه,27,367,971,222020001
604,توکهور,29,416,148,2205040001
605,تولم,25,287,149,108010001
606,تویه دروار,15,177,47,2001010003
607,تهلاب,16,415,303,1117030002
608,تهم,14,230,783,1904050005
609,تیاب,29,416,1001,2205030002
610,تیتکانلو,12,298,230,2805010001
611,تیرجرد,31,16,1012,2107020001
612,تیرچایی,1,413,502,310030001
613,تیلکوه,20,252,43,1203040002
614,تیمورآباد,16,437,151,1116020001
615,تیمورلو,1,5,548,321010001
616,جابرانصار,6,3,627,1606020003
617,جاپلق شرقی,26,27,153,1507010001
618,جاپلق غربی,26,27,153,1507010002
619,جاجرود,8,108,154,2320020001
620,جارو,5,34,132,3005020002
621,جازموریان,21,218,155,815010001
622,جاسب,28,190,982,5010003
623,جاستون شهه,13,374,214,617020001
624,جاسک,29,130,995,2206020001
625,جاغرق,11,102,421,932010002
626,جالق,16,240,156,1106010001
627,جامرود,11,116,719,906020003
628,جاورسیان,28,168,452,12010002
629,جاویدماهوری,17,401,850,713030004
630,جایدر,26,109,948,1508010001
631,جایدشت,17,314,841,709030003
632,جایزان,13,43,157,616010001
633,جبل,4,37,510,1002020003
634,جراحی,13,85,761,605020001
635,جرجافک,21,227,880,805020002
636,جرقویه سفلی,4,37,160,1002010001
637,جرقویه علیا,4,37,161,1002040001
638,جرقویه وسطی,4,37,160,1002010003
639,جرگلان,12,201,162,2808030001
640,جره,13,205,297,610030001
641,جره,17,331,163,710010001
642,جزیره,1,31,57,322010002
643,جزیره مینو,13,160,1054,607020001
644,جزین,11,64,716,931010002
645,جزینک,16,231,165,1110010001
646,جعفرآباد,19,327,166,2501010001
647,جعفربای جنوبی,24,118,918,2702020001
648,جعفربای شرقی,24,368,537,2713020001
649,جعفربای غربی,24,368,925,2713010001
650,جغتای,11,131,721,934010001
651,جغین جنوبی,29,216,167,2207030002
652,جغین شمالی,29,216,167,2207030001
653,جفال,13,268,769,611010003
654,جکدان,29,75,991,2213010001
655,جکیگور,16,202,801,1108030004
656,جگیران,22,244,907,504010008
657,جلال وند,22,339,448,502030001
658,جلگاه,17,137,826,704040001
659,جلگه,4,366,613,1011010001
660,جلگه,11,69,401,923030001
661,جلگه,30,29,1002,1306010003
662,جلگه,31,92,1016,2111020001
663,جلگه چاه هاشم,16,189,169,1112020001
664,جلگه ماژان,10,172,174,2910020002
665,جلگه موسی آباد,11,116,719,906020004
666,جلوگیر,26,109,948,1508010002
667,جلیل آباد,8,112,175,2318020001
668,جم,7,133,675,1809020001
669,جمال آباد,8,106,392,2313010001
670,جمال الدین,5,422,624,3003010002
671,جمع آبرود,8,191,687,2302020004
672,جناح,29,74,176,2209010001
673,جنت آباد,11,285,178,940020001
674,جنت رودبار,27,203,251,206020001
675,جنت مکان,13,359,773,620020001
676,جندق,4,171,604,1023010002
677,جنگل,11,212,179,927010001
678,جنگل,17,309,840,708030001
679,جواران,21,200,1093,818020002
680,جوانمردی,9,153,699,1410010002
681,جور,21,351,889,814020001
682,جوزار,17,401,181,713060001
683,جوزان,30,398,1009,1302030001
684,جوزدان,4,419,617,1014020001
685,جوزم,21,279,267,807020001
686,جوستان,5,289,70,3004020001
687,جوشان,21,338,535,808030001
688,جوشق,28,190,982,5010004
689,جوشقان قالی,4,332,465,1010020001
690,جوشین,1,436,225,324010002
691,جوقین,8,282,182,2309030001
692,جوکار,30,398,183,1302010004
693,جون آباد,16,415,557,1117020003
694,جونقان,9,297,185,1403040001
695,جویم,17,373,186,711020002
696,جهاد,13,150,544,625020002
697,جهادآباد,21,296,883,812010002
698,جهان آباد,16,447,816,1111010003
699,جهانگیری,13,394,775,613030001
700,جهانگیری شمالی,13,394,775,613030002
701,جهلیان,16,345,810,1109020001
702,جی,4,37,596,1002030003
703,جیحون دشت,30,443,391,1304050001
704,جیرانسو,12,384,751,2806030001
705,جیرده,25,274,938,112020001
706,جیرستان,12,284,340,2804010002
707,جیرنده,25,217,429,106020001
708,جیرهنده لشت نشاء,25,211,564,105040001
709,چاپارخانه,25,211,242,105010002
710,چاراویماق جنوب شرقی,1,140,379,323010001
711,چاراویماق جنوب غربی,1,140,642,323020001
712,چاراویماق شرقی,1,140,379,323010002
713,چاراویماق شمالشرقی,1,440,653,311020006
714,چاراویماق مرکزی,1,140,642,323020002
715,چاشم,15,405,402,2005010002
716,چاف,25,380,943,110010001
717,چالانچولان,26,193,372,1505010001
718,چالدران جنوبی,2,141,662,414020001
719,چالدران شمالی,2,141,662,414020002
720,چاله طرخان,8,221,462,2303060002
721,چانف,16,433,12,1107060001
722,چاه احمد,16,120,1057,1121020002
723,چاه دادخدا,21,326,190,816010001
724,چاه دشت,30,443,391,1304050002
725,چاه ریگان,21,356,192,809050001
726,چاه سالم,13,43,752,616020002
727,چاه علی,16,189,169,1112020002
728,چاه کوتاه,7,88,196,1801030002
729,چاه گز,17,66,220,735020002
730,چاه مبارک,7,294,191,1810020002
731,چاه ورز,17,375,193,715050001
732,چاهان,16,433,813,1107050001
733,چاهدگال,21,313,1067,819020002
734,چاهک,31,151,1018,2109010001
735,چایباسارجنوبی,2,383,669,406040001
736,چایباسارشرقی,2,110,659,415020001
737,چایباسارشمالی,2,383,64,406050001
738,چایباغ,27,261,1055,227020001
739,چایپاره بالا,14,230,317,1904020001
740,چایپاره پایین,14,230,317,1904020004
741,چپکرود,27,135,554,221010001
742,چراغ آباد,29,416,148,2205040002
743,چرام,23,145,895,1706010001
744,چشمه پر,26,41,79,1501050002
745,چشمه زیارت,16,225,803,1105010001
746,چشمه سار,4,170,603,1004010002
747,چشمه ساران,24,8,195,2710010001
748,چشمه سرا,2,278,453,417010001
749,چشمه کبود,22,438,914,511020001
750,چشمه لنگان,4,306,610,1007010004
751,چغاپور,7,186,473,1804010001
752,چغاخور,9,72,91,1401040002
753,چغامیش,13,183,197,608030001
754,چقانرگس,22,339,576,502060001
755,چلاو,27,14,46,201040002
756,چلو,13,45,199,621020001
757,چلوند,25,9,568,101020001
758,چله,22,372,913,508010001
759,چله خانه,1,273,415,314010001
760,چم چمال,22,438,117,511010001
761,چم خلف عیسی,13,444,200,618020001
762,چم رود,4,378,67,1012010001
763,چم سنگر,26,157,120,1503020001
764,چم کوه,4,378,67,1012010003
765,چما,9,234,700,1408010002
766,چمزی,6,400,633,1608010001
767,چمن,2,122,141,412020003
768,چنار,23,90,477,1701050001
769,چناران,11,148,723,918020001
770,چنارشاهیجان,17,350,845,733010001
771,چنارودجنوبی,4,139,202,1020010001
772,چنارودشمالی,4,139,202,1020010002
773,چنانه,13,276,435,614030001
774,چندار,5,235,203,3002030002
775,چوبر,25,274,17,112010002
776,چوبر,25,291,223,104060002
777,چوپانان,4,418,50,1013010002
778,چورزق,14,288,206,1908010001
779,چورس,2,144,663,416020002
780,چوقور,18,322,419,2603040001
781,چوکام,25,211,242,105010001
782,چهارچشمه,28,165,499,4020001
783,چهاردانگه,5,235,207,3002040001
784,چهاردانگه,8,33,209,2310010001
785,چهاردانگه,27,233,210,207010002
786,چهاردانگه جنوبی,1,445,208,327020002
787,چهاردانگه شمالی,1,445,208,327020001
788,چهاردولی,2,271,487,411020003
789,چهاردولی,30,29,1002,1306010004
790,چهاردولی شرقی,20,321,211,1205040001
791,چهاردولی غربی,20,321,211,1205040002
792,چهارده,25,10,931,102020004
793,چهارده سنخواست,12,129,172,2803010001
794,چهارفریضه,25,81,932,103010001
795,چهارکوه,24,337,921,2704010001
796,چهارگنبد,21,264,93,806050002
797,چهرگان,1,273,143,314030001
798,چهریق,2,255,511,405020001
799,چهل چای,24,417,928,2707040001
800,چهل چشمه,20,199,863,1207020001
801,چهل چشمه غربی,20,252,346,1203030001
802,چهل شهید,27,203,251,206020002
803,چیچکلو,8,33,15,2310030002
804,چین,23,90,567,1701040002
805,چینی جان,25,219,936,107030002
806,حاجی آباد,28,19,977,1020010
807,حاجی بکنده خشکبیجار,25,211,238,105060001
808,حاجیلارجنوبی,2,144,212,416010002
809,حاجیلارشمالی,2,144,212,416010001
810,حاجیلو,30,335,1008,1305020001
811,حبلرود,8,315,691,2314020003
812,حتکن,21,227,880,805020012
813,حتی,13,374,214,617020002
814,حر,22,286,273,510010001
815,حرجند,21,207,513,811010001
816,حرم رودسفلی,30,398,331,1302020002
817,حرم رودعلیا,30,398,1009,1302030002
818,حرمک,16,225,803,1105010002
819,حسن آباد,8,221,440,2303020001
820,حسن آباد,17,39,216,703030002
821,حسن آباد,22,32,901,501030001
822,حسن آباد,22,215,906,514020002
823,حسن رضا,27,135,960,221020001
824,حسنلو,2,423,577,409030002
825,حسین آباد,4,419,1042,1014030002
826,حسین آباد,13,276,770,614020003
827,حسین آباد,21,44,49,820010002
828,حسین آباد,21,138,34,803050002
829,حسین آباد کردها,15,6,787,2006010002
830,حسین آبادجنوبی,20,259,217,1204050001
831,حسین آبادشمالی,20,259,217,1204050002
832,حسین آبادگروه,21,338,279,808060001
833,حسینی,13,268,769,611010004
834,حسینیه,13,46,42,602010001
835,حشمت آباد,26,193,951,1505020001
836,حصار,12,298,230,2805010002
837,حصارامیر,8,106,684,2313020001
838,حصارچه,12,201,162,2808030002
839,حصارخروان,18,40,578,2605010001
840,حصارولیعصر,18,15,855,2606010001
841,حکم آباد,11,136,425,936020002
842,حکیم آباد,28,228,983,10020001
843,حمزه لو,28,165,980,4010003
844,حمیری,16,325,328,1118020002
845,حمیل,22,32,219,501010004
846,حنا,4,257,606,1005020001
847,حناء,17,66,220,735020001
848,حور,21,299,221,822020001
849,حومه,1,239,644,305010003
850,حومه,7,88,673,1801020002
851,حومه,7,185,676,1803030003
852,حومه,7,197,678,1805020002
853,حومه,7,198,679,1808020002
854,حومه,7,346,681,1806020004
855,حومه,9,72,697,1401030001
856,حومه,9,79,698,1409010001
857,حومه,9,281,701,1402020001
858,حومه,10,303,33,2907030003
859,حومه,11,163,724,929020001
860,حومه,11,369,740,915020002
861,حومه,11,403,742,930020001
862,حومه,12,284,748,2804020001
863,حومه,12,384,751,2806030002
864,حومه,13,46,754,602020001
865,حومه,13,95,762,606030002
866,حومه,13,441,776,622020001
867,حومه,14,18,779,1901030002
868,حومه,14,155,781,1903030002
869,حومه,15,177,788,2001020001
870,حومه,15,256,789,2002010001
871,حومه,15,270,790,2003030001
872,حومه,15,363,791,2004020001
873,حومه,16,52,794,1101050002
874,حومه,16,240,805,1106040002
875,حومه,16,415,812,1117010003
876,حومه,17,373,847,711040001
877,حومه,17,375,848,715010003
878,حومه,20,98,861,1202030001
879,حومه,20,199,863,1207020003
880,حومه,20,259,866,1204030004
881,حومه,21,77,873,802030001
882,حومه,21,356,192,809050002
883,حومه,22,372,913,508010002
884,حومه,22,438,914,511020002
885,حومه,25,211,933,105050003
886,حومه,25,382,944,116020001
887,حومه,29,84,993,2203050001
888,حومه,29,323,1000,2204020001
889,حومه,29,416,1001,2205030003
890,حومه جنوبی,22,32,901,501030002
891,حومه دهگلان,20,195,862,1210010002
892,حومه سرپل,22,244,907,504010003
893,حومه شرقی,13,51,756,604030002
894,حومه شرقی,13,160,764,607010001
895,حومه شرقی,13,184,766,609020002
896,حومه شرقی,13,205,768,610020003
897,حومه شمالی,22,32,901,501030003
898,حومه غربی,13,51,756,604030003
899,حومه غربی,13,160,764,607010002
900,حومه غربی,13,184,766,609020003
901,حومه غربی,13,205,768,610020004
902,حومه کرند,22,176,905,513020003
903,حویق,25,291,223,104060001
904,حیات داود,7,370,682,1807030001
905,حیدریه,22,372,547,508020001
906,حیران,25,9,930,101010001
907,حیقوق نبی,30,125,1004,1301020001
908,خاتون آباد,21,138,874,803040005
909,خاتون آباد,21,279,882,807010004
910,خالدآباد,4,421,45,1015020002
911,خاله سرا,25,291,29,104050002
912,خانگیران,11,246,732,920020002
913,خانمرود,1,439,652,316020002
914,خانمیرزا,9,153,699,1410010001
915,خانندبیل شرقی,3,162,588,2403040001
916,خانندبیل غربی,3,162,588,2403040002
917,خانوک,21,227,880,805020011
918,خانه شور,22,128,903,512010001
919,خاوران شرقی,8,221,226,2303050001
920,خاوران غربی,8,221,226,2303050002
921,خاوومیرآباد,20,393,227,1206010001
922,خاوه جنوبی,26,188,228,1504030001
923,خاوه شمالی,26,188,228,1504030002
924,خبر,21,60,229,801040001
925,خبر,21,279,267,807020002
926,خبریز,17,25,817,717010001
927,خدابنده لو,22,286,909,510020002
928,خرارود,14,155,781,1903030003
929,خرارود,25,262,937,115020002
930,خرازان,28,121,979,3020003
931,خرجگیل,25,291,29,104050003
932,خرقان,15,270,87,2003010001
933,خرقان,30,209,1006,1308030001
934,خرقان شرقی,18,15,5,2606020002
935,خرقان غربی,18,15,855,2606010002
936,خرم آباد,18,113,30,2602010002
937,خرم دشت,4,332,612,1010030004
938,خرم دشت,28,165,499,4020002
939,خرم رود,4,378,614,1012030002
940,خرم رود,30,125,1004,1301020002
941,خرم مکان,17,392,475,712030001
942,خرمارودجنوبی,24,8,195,2710010002
943,خرمارودشمالی,24,8,915,2710020001
944,خرمدره,14,159,782,1907010002
945,خرمدشت,21,351,889,814020002
946,خرمدشت,30,300,1007,1309010001
947,خرمی,17,158,828,718020001
948,خزل شرقی,30,428,235,1303010001
949,خزل غربی,22,347,912,507010001
950,خسروآباد,20,98,204,1202010003
951,خسروبیک,28,344,1050,11020001
952,خسروشیرین,17,2,110,701050001
953,خسویه,17,229,834,719020001
954,خشک رود,28,228,983,10020002
955,خشکرود,27,56,291,216040002
956,خضرلو,1,293,646,325020001
957,خطبه سرا,25,291,485,104040003
958,خفر,17,161,829,734010002
959,خفرک علیا,17,392,369,712060001
960,خفری,17,238,835,706020001
961,خلازیر,8,126,11,2301030002
962,خلیلی,17,361,846,727010002
963,خمک,16,231,165,1110010002
964,خمه,26,41,946,1501030005
965,خمیر,29,164,997,2210020001
966,خنامان,21,214,877,804020004
967,خنجشت,17,39,819,703020003
968,خنجین,28,302,244,13020001
969,خنداب,28,168,981,12020001
970,خندان,18,322,419,2603040002
971,خواجه احمد,16,231,804,1110020001
972,خواجه ای,17,314,1051,709040002
973,خوارتوران,15,270,113,2003020002
974,خواشد,11,237,286,908050001
975,خور,10,172,708,2910010002
976,خورخوره,20,98,861,1202030002
977,خورخوره,20,252,43,1203040003
978,خورسند,21,279,882,807010006
979,خورش رستم جنوبی,3,162,246,2403010001
980,خورش رستم شمالی,3,162,246,2403010002
981,خورگام,25,217,247,106040001
982,خورموج,7,186,677,1804020001
983,خورمیز,31,409,1019,2104010003
984,خورهه,28,387,988,9010002
985,خوزی,17,406,1081,721030001
986,خوسف,10,172,708,2910010001
987,خوش رود,27,55,100,202010001
988,خوشابر,25,213,934,114020001
989,خیبر,13,183,197,608030002
990,خیر,17,28,299,702010001
991,خیرآباد,16,78,795,1120010003
992,خیرآباد,17,156,827,729020003
993,خیرگو,17,375,428,715040001
994,خیرودکنار,27,427,976,215040002
995,دابوی جنوبی,27,14,248,201030001
996,دابوی شمالی,27,388,341,218010001
997,دابوی میانی,27,14,248,201030003
998,داجیوند,6,442,635,1611010002
999,دادنجان,17,314,1051,709040003
1000,دادین,17,331,163,710010002
1001,داران,1,132,641,319020003
1002,داربید,6,442,164,1611020002
1003,دارخوین,13,268,249,611030001
1004,داریان,17,283,838,707050002
1005,دال پری,6,196,1037,1603030004
1006,دالانکوه,4,305,609,1006030001
1007,دالکی,7,185,676,1803030004
1008,دالون,23,381,900,1709010003
1009,دامن,16,52,252,1101060001
1010,دامن کوه,12,30,744,2801020002
1011,دامنکوه,15,177,788,2001020002
1012,دانش,8,319,692,2316010001
1013,داودآباد,28,19,977,1020003
1014,دبیران,17,229,834,719020002
1015,درآبسر,29,75,549,2213020002
1016,درآگاه,29,149,996,2208020001
1017,درازکلا,27,55,61,202040002
1018,دراک,17,283,838,707050003
1019,درام,14,288,785,1908020002
1020,درب گنبد,26,352,253,1506050002
1021,دربقاضی,11,432,743,917040001
1022,دربند,12,129,172,2803010002
1023,دربندرود,30,29,1002,1306010005
1024,درپهن,29,416,358,2205020002
1025,درجزین,15,405,792,2005020001
1026,درح,10,243,254,2903030002
1027,درختنگان,21,338,887,808050004
1028,درزآب,11,396,741,916050006
1029,درزوسابیان,17,373,847,711040002
1030,درسجین,14,18,779,1901030003
1031,درگزین سفلی,30,180,1005,1310020001
1032,درگزین شرقی,30,180,386,1310010001
1033,درگزین علیا,30,180,386,1310010002
1034,درگزین غربی,30,180,1005,1310020002
1035,درگس,16,187,74,1122020002
1036,درمیان,10,181,709,2902030001
1037,درواهی,7,185,1,1803060001
1038,درودزن,17,392,255,712050002
1039,درونک,13,95,323,606020001
1040,درونگر,11,179,1072,907040001
1041,درونه,11,69,48,923010001
1042,دره دران,21,214,877,804020005
1043,دره شور,4,257,1082,1005040002
1044,دره صیدی,26,71,947,1502020001
1045,دره کاید,13,183,403,608040001
1046,دریاسر,25,380,509,110030001
1047,دریجان,21,77,873,802030003
1048,دریس,17,331,843,710040002
1049,دریسیه,13,268,249,611030002
1050,درین,31,414,89,2106030002
1051,دزلی,20,250,864,1209020007
1052,دژکرد,17,39,335,703010002
1053,دژگان,29,84,1040,2203060002
1054,دژگاه,17,301,269,722020004
1055,دستجرد,1,5,548,321010002
1056,دستجرد,18,322,289,2603030003
1057,دستجرد,19,327,240,2501020001
1058,دستجرده,14,288,206,1908010002
1059,دستگرد,9,281,437,1402060002
1060,دستگرد,16,433,98,1107010003
1061,دستگردان,10,290,256,2911010001
1062,دستوران,11,131,721,934010002
1063,دشت,3,395,592,2404020001
1064,دشت,4,280,608,1009020002
1065,دشت,2,26,373,401020002
1066,دشت ارزنه,11,57,715,937010002
1067,دشت ارژن,17,283,21,707060001
1068,دشت برم,17,331,843,710040005
1069,دشت بیل,2,36,657,413010002
1070,دشت تایباد,11,114,1046,904030002
1071,دشت جام,11,116,103,906040001
1072,دشت حر,22,128,903,512010002
1073,دشت خاک,21,227,880,805020004
1074,دشت ذهاب,22,244,907,504010004
1075,دشت روم,23,90,894,1701030001
1076,دشت زرین,9,353,703,1406020002
1077,دشت سر سفلی,27,14,955,201020007
1078,دشت سر شرقی,27,14,257,201050001
1079,دشت سر غربی,27,14,257,201050002
1080,دشت عباس,6,196,258,1603050001
1081,دشت کنار,27,267,966,226010002
1082,دشت لاله,17,406,36,721040002
1083,دشت لالی,13,374,774,617010001
1084,دشتاب,21,60,229,801040002
1085,دشتابی شرقی,18,91,259,2601060001
1086,دشتابی غربی,18,91,259,2601060002
1087,دشتویل,25,217,281,106010002
1088,دشتی اسماعیل خانی,7,185,1,1803060002
1089,دشمن زیاری,17,401,261,713050001
1090,دشمن زیاری,23,355,897,1702050002
1091,دلبران,20,321,262,1205050001
1092,دلفارد,21,138,329,803010001
1093,دلفک,25,217,247,106040002
1094,دلگان,16,189,800,1112010002
1095,دلند,24,206,919,2711020001
1096,دلوار,7,124,263,1802010002
1097,دنا,23,192,896,1704030002
1098,دنباله رودجنوبی,13,51,268,604020001
1099,دنباله رودشمالی,13,51,268,604020002
1100,دوآب,9,353,264,1406030001
1101,دوآب,26,253,953,1509020001
1102,دوبلوک,8,315,19,2314010003
1103,دوجاق,3,20,152,2401060002
1104,دودانگه,1,445,654,327010001
1105,دودانگه,13,95,762,606030003
1106,دودانگه سفلی,18,113,418,2602030001
1107,دودانگه علیا,18,113,418,2602030002
1108,دودراء,9,377,296,1404050002
1109,دودهک,28,190,982,5010001
1110,دوراهان,9,72,546,1401020003
1111,دورسونخواجه,3,431,594,2409010001
1112,دورود,26,193,951,1505020002
1113,دورودفرامان,22,339,911,502040003
1114,دوره,26,147,198,1510010002
1115,دوزج,28,228,232,10010003
1116,دوست محمد,16,447,816,1111010001
1117,دوستان,6,67,628,1610010002
1118,دوغایی,11,328,736,913030001
1119,دوکوهه,10,241,367,2906020001
1120,دول,2,26,656,401040007
1121,دولاب,29,323,215,2204040001
1122,دولت آباد,3,425,593,2408020001
1123,دولت آباد,1,391,649,307020002
1124,دولت آباد,14,18,779,1901030004
1125,دولت آباد,21,138,874,803040006
1126,دولت اباد,22,215,906,514020003
1127,دولتخانه,11,328,62,913010001
1128,دومک,16,225,1064,1105030001
1129,دوهزار,27,123,233,205040002
1130,دویره,7,88,196,1801030001
1131,ده پایین,6,53,625,1601030001
1132,ده پیر جنوبی,26,157,949,1503060002
1133,ده پیرشمالی,26,157,949,1503060003
1134,ده تل,29,74,990,2209020001
1135,ده چاه,17,430,130,714020003
1136,ده عباس,8,33,683,2310020001
1137,ده فیش,17,373,97,711070002
1138,ده کهان,21,356,888,809040005
1139,دهبکری,21,77,266,802080002
1140,دهج,21,279,267,807020003
1141,دهچال,28,168,981,12020002
1142,دهدز,13,51,268,604020003
1143,دهدشت شرقی,23,355,897,1702050003
1144,دهدشت غربی,23,355,897,1702050004
1145,دهرم,17,301,269,722020002
1146,دهرود,7,185,25,1803040002
1147,دهسرد,21,24,870,823010003
1148,دهشال,25,10,931,102020001
1149,دهشیر,31,119,1017,2103020005
1150,دهقانان,17,156,481,729010001
1151,دهکده,13,150,763,625010002
1152,دهکویه,17,373,847,711040003
1153,دهگاه,25,10,522,102010001
1154,دهملا,15,270,790,2003030002
1155,دهنو,29,82,461,2202060003
1156,دیباج,11,179,565,907020001
1157,دیره,22,372,913,508010004
1158,دیزج,2,174,664,403020003
1159,دیزجرودشرقی,1,293,459,325010001
1160,دیزجرودغربی,1,293,646,325020002
1161,دیزمارشرقی,1,154,1033,326030001
1162,دیزمارغربی,1,132,377,319010001
1163,دیزمارمرکزی,1,436,225,324010003
1164,دیزیچه,4,386,615,1017010002
1165,دیکله,1,445,654,327010002
1166,دیلمان,25,262,272,115010002
1167,دیمکاران,30,93,410,1307030001
1168,دیناچال,25,213,128,114010001
1169,دیناران,9,23,696,1405010003
1170,دینور,22,286,273,510010002
1171,دیوشل,25,380,943,110010003
1172,دیهوک,10,290,274,2911030001
1173,ذلقی شرقی,26,41,275,1501040002
1174,ذلقی غربی,26,41,275,1501040003
1175,ذوالبین,1,391,1096,307030001
1176,ذوالفقار,20,252,346,1203030002
1177,ذیلایی,13,394,430,613050002
1178,رابر,21,200,875,818010001
1179,رادکان,11,148,723,918020002
1180,راز,12,201,747,2808010001
1181,رازآور,22,339,119,502080001
1182,رازان,26,157,305,1503050001
1183,رازلیق,1,239,644,305010004
1184,راستقان,12,201,432,2808020002
1185,راستوپی,27,260,964,208020001
1186,راسک وفیروزآباد,16,202,801,1108030002
1187,راک,23,355,364,1702070001
1188,رامجرددو,17,392,255,712050003
1189,رامجردیک,17,392,849,712040005
1190,رامجین,5,235,207,3002040002
1191,رامشه,4,37,161,1002040002
1192,رامندجنوبی,18,91,276,2601020002
1193,رامندشمالی,18,113,234,2602020002
1194,راور,21,207,876,811020001
1195,راویز,21,214,488,804030001
1196,راهب,30,335,1008,1305020002
1197,راهجردشرقی,19,327,354,2501050001
1198,راهدار,29,216,998,2207020006
1199,راهگان,17,161,278,734020001
1200,راهگان شمالی,17,161,278,734020002
1201,راین,21,338,279,808060002
1202,رباط,11,237,731,908070001
1203,رباط,26,157,949,1503060004
1204,رباط جز,11,173,726,938010002
1205,رباطات,31,22,231,2101010002
1206,ربع شامات,11,237,393,908060003
1207,رحمت,17,392,369,712060002
1208,رحمت آباد,17,226,280,730020001
1209,رحمت آباد,25,217,281,106010003
1210,رحیم آباد,25,219,282,107020003
1211,رزآب,20,250,864,1209020004
1212,رزق آباد,11,333,436,914050001
1213,رزکان,8,282,690,2309020004
1214,رزم آوران,21,214,877,804020007
1215,رزن,30,209,1006,1308030002
1216,رستاق,11,163,724,929020002
1217,رستاق,17,175,283,705020002
1218,رستاق,17,430,852,714030001
1219,رستاق,28,165,980,4010005
1220,رستاق,31,35,1014,2108020001
1221,رستم آباد,13,205,353,610040002
1222,رستم آباد جنوبی,25,217,935,106030001
1223,رستم آباد شمالی,25,217,935,106030002
1224,رستم دو,17,210,832,726020002
1225,رستم سه,17,210,361,726010001
1226,رستم یک,17,210,832,726020001
1227,رشتخوار,11,212,729,927020002
1228,رضاقلی قشلاق,3,431,594,2409010002
1229,رضامحله,25,219,936,107030003
1230,رضوان,15,410,474,2007020001
1231,رضوان,21,138,158,803020001
1232,رضوان,21,214,438,804050001
1233,رضوانیه,4,127,600,1019020001
1234,رغیوه,13,441,285,622010001
1235,رقه,10,76,23,2908020002
1236,رقیچه,11,117,479,905050005
1237,رمشک,21,326,190,816010002
1238,رمکان,29,323,1000,2204020002
1239,روداب شرقی,21,420,287,821020001
1240,روداب غربی,21,77,83,802070001
1241,رودبار,6,265,632,1609010001
1242,رودبار,15,177,788,2001020003
1243,رودبار,21,218,878,815020001
1244,رودبار,28,121,979,3020002
1245,رودبار,29,164,300,2210010001
1246,رودبار شهرستان,18,322,289,2603030001
1247,رودبار محمدزمانی,18,322,289,2603030002
1248,رودبارقصران,8,275,290,2304010001
1249,رودبال,17,392,849,712040007
1250,رودبنه,25,376,292,111040001
1251,رودپی شرقی,27,233,293,207060002
1252,رودپی غربی,27,233,293,207060003
1253,رودپیش,25,312,941,109020002
1254,رودحله,7,370,302,1807020001
1255,رودخانه,29,216,295,2207010001
1256,رودخانه بر,29,216,295,2207010003
1257,رودزرد,13,59,759,615020002
1258,رودشت,4,37,168,1002060002
1259,رودشت شرقی,4,37,96,1002050001
1260,رودشور,28,228,983,10020003
1261,رودقات,1,273,415,314010002
1262,روشن آباد,24,362,924,2705020004
1263,روضه چای,2,26,656,401040008
1264,رومشکان,26,220,952,1511020001
1265,رومیانی,26,220,362,1511010002
1266,رونیز,17,28,299,702010002
1267,رویدر,29,164,300,2210010002
1268,رویین,12,30,744,2801020004
1269,رهال,2,174,664,403020004
1270,ریز,7,133,301,1809010002
1271,ریزآب,17,430,457,714040001
1272,ریگ,9,377,705,1404020004
1273,ریگ ملک,16,415,303,1117030001
1274,ریگان,21,222,879,817020002
1275,ریگستان,4,21,320,1001020002
1276,ریوند,11,432,743,917040002
1277,زابلی,16,408,811,1113010001
1278,زاخرویه,17,329,40,720010002
1279,زارم رود,27,424,1089,219020002
1280,زازران,4,310,467,1008030002
1281,زاغه,26,157,305,1503050002
1282,زالوآب,22,215,906,514020004
1283,زالیان,28,269,307,7030002
1284,زام,11,116,127,906050001
1285,زانوس رستاق,27,427,478,215020003
1286,زاوکوه,24,342,136,2709030001
1287,زاوه,11,224,730,935010001
1288,زاوین,11,340,308,928010002
1289,زاینده رود جنوبی,9,79,406,1409020002
1290,زاینده رودشمالی,4,305,609,1006030002
1291,زبرخان,11,432,310,917020003
1292,زرآبادشرقی,16,345,311,1109010001
1293,زرآبادغربی,16,345,311,1109010002
1294,زرانگوش,6,67,1092,1610020002
1295,زرج آباد,3,349,446,2407020001
1296,زردبن,16,202,137,1108010003
1297,زردشت,30,300,135,1309020002
1298,زردلان,6,442,164,1611020001
1299,زردین,31,119,1078,2103030002
1300,زرق آباد,12,30,744,2801020003
1301,زرقان,17,226,833,730010001
1302,زرکان,4,272,1052,1016020001
1303,زرگان,13,63,1085,624020002
1304,زرنه,6,54,312,1607010002
1305,زری,2,174,458,403050001
1306,زرین,9,234,309,1408020002
1307,زرین,11,136,425,936020001
1308,زرین,31,22,231,2101010003
1309,زرین دشت,6,182,630,1602030002
1310,زرین گل,24,295,920,2703010003
1311,زرینه,20,199,484,1207010002
1312,زرینه رود,2,411,671,408030004
1313,زرینه رود,14,155,85,1903020002
1314,زرینه رودجنوبی,2,411,671,408030002
1315,زرینه رودشمالی,2,411,671,408030003
1316,زریوار,20,393,869,1206030001
1317,ززشرقی,26,41,315,1501020001
1318,ززغربی,26,41,315,1501020002
1319,زفره,4,37,510,1002020005
1320,زمکان جنوبی,22,128,316,512030001
1321,زمکان شمالی,22,128,316,512030002
1322,زنجانرودبالا,14,230,783,1904050006
1323,زنجانرودپایین,14,230,317,1904020003
1324,زنجیره,6,146,389,1604040002
1325,زنگبار,2,110,659,415020002
1326,زنگلانلو,11,179,565,907020002
1327,زنگوان,6,265,470,1609020001
1328,زنگی آباد,21,338,887,808050005
1329,زنوزق,1,391,649,307020004
1330,زوارم,12,284,748,2804020002
1331,زوزن,11,169,171,919030001
1332,زولاچای,2,255,666,405010002
1333,زهان,10,232,321,2909020002
1334,زهرای بالا,18,91,856,2601040003
1335,زهرای پایین,18,91,856,2601040004
1336,زهک,16,231,804,1110020002
1337,زهمکان,21,299,221,822020002
1338,زیاران,18,4,854,2604020001
1339,زیارت,7,185,676,1803030005
1340,زیارت,12,284,748,2804020003
1341,زیبد,11,369,469,915030001
1342,زیدآباد,21,264,322,806040001
1343,زیرآب,17,229,834,719020003
1344,زیرتنگ,26,352,515,1506040001
1345,زیرراه,7,185,351,1803010001
1346,زیرکوه,4,378,67,1012010002
1347,زیرکوه,10,232,710,2909010002
1348,زیلایی,23,381,325,1709020002
1349,زین آباد,18,91,381,2601030001
1350,ژان,26,193,951,1505020003
1351,ژاورود,20,334,868,1208010002
1352,ژاورودشرقی,20,259,371,1204060001
1353,ژاورودغربی,20,259,491,1204040001
1354,ژریژه,20,250,864,1209020005
1355,ساحلی,27,56,957,216020001
1356,ساحلی جوکندان,25,291,940,104030002
1357,سادات,13,374,774,617010002
1358,سادات محمودی,23,192,121,1704010002
1359,سارال,20,199,327,1207030002
1360,ساربوک,16,325,328,1118020001
1361,ساردوییه,21,138,329,803010002
1362,ساروق,2,122,141,412020002
1363,ساروق,28,19,330,1030001
1364,ساری سو,2,383,64,406050002
1365,ساق,11,224,356,935020001
1366,سالمی,13,268,243,611020001
1367,سامان,9,234,700,1408010001
1368,سامن,30,398,331,1302020003
1369,ساوالان,3,103,587,2406010003
1370,سبز پوش,17,361,20,727020002
1371,سبزدشت,30,335,1008,1305020003
1372,سبزدشت,31,61,1015,2102020002
1373,سبلان,3,249,332,2410020001
1374,سپیدار,9,153,26,1410020002
1375,سپیدار,23,90,894,1701030002
1376,سپیددشت,26,157,120,1503020002
1377,سجادرود,27,55,99,202030001
1378,سجاس رود,14,155,333,1903040002
1379,سخت سر,27,203,962,206010003
1380,سخوید,31,119,1078,2103030004
1381,سدن رستاق شرقی,24,337,921,2704010002
1382,سدن رستاق غربی,24,337,921,2704010003
1383,سده,10,318,334,2904050003
1384,سده,17,39,335,703010003
1385,سده,28,19,977,1020005
1386,سرآسیاب فرسنگی,21,338,887,808050006
1387,سرآسیاب یوسفی,23,97,111,1705010002
1388,سرا,20,252,865,1203020003
1389,سراب,6,54,626,1607020001
1390,سراب,22,258,908,505010004
1391,سراب,30,428,553,1303040001
1392,سراب باغ,6,3,336,1606030002
1393,سراب سفلی,9,297,60,1403030002
1394,سراب علیا,9,297,60,1403030001
1395,سراب قامیش,20,259,866,1204030007
1396,سراب قلعه شاهین,22,244,460,504020002
1397,سرابیز,23,58,892,1707010001
1398,سراجوی جنوبی,1,389,338,306030001
1399,سراجوی شرقی,1,389,338,306030002
1400,سراجوی شمالی,1,389,648,306020003
1401,سراجوی غربی,1,389,648,306020004
1402,سراوان,25,211,360,105020002
1403,سرباز,16,242,806,1123010001
1404,سربنان,21,227,880,805020005
1405,سرپنیران,17,105,825,723010001
1406,سرجام,11,396,16,916010004
1407,سرجولکی,13,12,184,626020001
1408,سرچشمه,21,214,877,804020009
1409,سرچهان,17,245,836,732010002
1410,سرخ قلعه,21,326,886,816020002
1411,سرخس,11,246,732,920020003
1412,سرخکلا,27,260,324,208030001
1413,سرخون,29,82,992,2202040008
1414,سرخه,13,276,435,614030002
1415,سردابه,3,20,584,2401010004
1416,سردارآباد,13,277,771,612020001
1417,سرداران,30,335,1008,1305020007
1418,سردارجنگل,25,312,343,109030002
1419,سردرودسفلی,30,209,344,1308010002
1420,سردرودعلیا,30,209,344,1308010003
1421,سردسیر,4,86,599,1024010001
1422,سردشت,9,377,296,1404050001
1423,سردشت,13,95,323,606020002
1424,سردشت,13,183,345,608010004
1425,سردشت,29,75,991,2213010002
1426,سردصحرا,1,115,640,303030006
1427,سردق,11,64,1099,931020002
1428,سررودجنوبی,23,90,894,1701030003
1429,سررودشمالی,23,90,894,1701030004
1430,سرشیو,20,393,347,1206020001
1431,سرفاریاب,23,145,348,1706020001
1432,سرفیروزآباد,22,339,448,502030002
1433,سرقلعه,22,244,907,504010009
1434,سرکل,20,393,869,1206030002
1435,سرکور,16,242,806,1123010002
1436,سرگل,24,417,512,2707050002
1437,سرله,13,59,1048,615040001
1438,سرمستان,7,197,2,1805030002
1439,سرناباد,17,238,1091,706030001
1440,سروستان,17,87,1023,716030001
1441,سروستان,17,251,837,725020001
1442,سرولایت,11,432,349,917030002
1443,سطر,22,258,496,505020002
1444,سعادت آباد,21,264,125,806020002
1445,سعید آباد,8,108,154,2320020002
1446,سعیدآباد,5,235,620,3002010001
1447,سعیدآباد,8,282,690,2309020009
1448,سعیدآباد,14,50,780,1906020003
1449,سعیدیه,13,184,86,609010002
1450,سغدر,21,138,158,803020002
1451,سفالگران,30,93,561,1307010001
1452,سفلی,4,21,320,1001020001
1453,سفلی,17,156,481,729010002
1454,سفیدابه,16,434,408,1115020002
1455,سفیدار,17,161,829,734010004
1456,سفیددشت,4,7,597,1018020001
1457,سفیدسنگ,11,308,464,922010001
1458,سفیدکوه,30,398,331,1302020004
1459,سکمن آباد,2,174,413,403030002
1460,سگزآباد,18,91,856,2601040005
1461,سلامی,11,169,352,919040002
1462,سلدوز,2,423,672,409020003
1463,سلطان آباد,11,173,726,938010001
1464,سلطان آباد,13,205,353,610040001
1465,سلطانعلی,24,371,926,2706040004
1466,سلطانیه,14,254,784,1910010002
1467,سلگی,30,428,235,1303010002
1468,سلوک,1,440,653,311020002
1469,سلیمان,11,224,356,935020002
1470,سمام,25,42,277,113010001
1471,سمغان,17,350,845,733010002
1472,سنبل آباد,14,254,784,1910010001
1473,سنجابی,22,339,507,502070001
1474,سنجبدجنوبی,3,349,446,2407020002
1475,سنجبدشرقی,3,162,588,2403040003
1476,سنجبدشمالی,3,349,590,2407010001
1477,سنجبدغربی,3,349,590,2407010002
1478,سندرک,29,416,358,2205020003
1479,سندمیرثویان,16,187,799,1122010002
1480,سنگ بست,11,308,734,922020002
1481,سنگ سفید,28,168,452,12010003
1482,سنگان,16,152,798,1103010003
1483,سنگر,12,298,749,2805020001
1484,سنگر,25,211,360,105020003
1485,سنگستان,30,443,1011,1304070004
1486,سودلانه,11,328,736,913030002
1487,سورسور,20,334,1034,1208020002
1488,سورک,29,130,570,2206030002
1489,سورمق,17,2,821,701040004
1490,سوری,26,220,362,1511010001
1491,سورین,13,444,200,618020002
1492,سوزا,29,323,399,2204010002
1493,سوسن شرقی,13,51,363,604040001
1494,سوسن غربی,13,51,363,604040002
1495,سولقان,8,126,500,2301010001
1496,سومار,22,324,365,506010001
1497,سویسه,13,330,366,627020001
1498,سه تلون,13,205,14,610050002
1499,سه قلعه,10,241,367,2906020002
1500,سه هزار,27,123,233,205040003
1501,سهرورد,14,155,781,1903030005
1502,سهروفیروزان,4,310,133,1008010003
1503,سهرین,14,230,451,1904060003
1504,سهند,1,31,636,322020002
1505,سهندآباد,1,73,150,313010002
1506,سیاخ دارنگون,17,283,838,707050005
1507,سیاوشان,28,11,978,2010001
1508,سیاه منصور,20,98,861,1202030006
1509,سیاهرود,8,126,686,2301020001
1510,سیاهرود,27,135,960,221020002
1511,سیاهکلرود,25,219,187,107040002
1512,سیاهو,29,82,992,2202040007
1513,سیب وسوران,16,263,807,1114010001
1514,سیدابراهیم,6,196,313,1603010001
1515,سیدان,1,343,4,315030002
1516,سیدجمال الدین,30,29,1002,1306010006
1517,سیدشهاب,30,125,1004,1301020003
1518,سیدعباس,13,276,384,614010002
1519,سیدناصرالدین,6,196,313,1603010002
1520,سیدولی الدین,13,183,403,608040004
1521,سیرچ,21,338,400,808020003
1522,سیروان,22,107,1074,503030002
1523,سیری,29,17,989,2201020003
1524,سیریز,21,227,1098,805030001
1525,سیریک,29,266,999,2212020002
1526,سیس,1,273,645,314020002
1527,سیس,20,195,90,1210020002
1528,سیستان,4,37,510,1002020006
1529,سیف آباد,17,167,830,724020002
1530,سیگار,17,375,848,715010004
1531,سیلاخور,26,193,372,1505010002
1532,سیلاخورشرقی,26,27,945,1507020002
1533,سیلتان,20,98,861,1202030004
1534,سیمکان,17,87,823,716020004
1535,سیمینه رود,30,93,1003,1307020002
1536,سین,4,68,598,1022020001
1537,سینا,1,436,655,324020004
1538,سیوکانلو,12,284,748,2804020004
1539,سیه بنوییه,21,200,875,818010002
1540,شاپور,17,331,843,710040003
1541,شاپورآباد,4,68,213,1022010002
1542,شاخن,10,99,707,2901040007
1543,شاخنات,10,99,707,2901040003
1544,شارک,16,325,145,1118030002
1545,شاسکوه,10,232,380,2909030001
1546,شال,3,162,385,2403030002
1547,شالیار,20,250,54,1209010002
1548,شامکان,11,237,393,908060004
1549,شاندرمن,25,382,382,116010001
1550,شاندیز,11,102,383,932020001
1551,شاوور,13,276,384,614010003
1552,شاه جهان,12,298,749,2805020002
1553,شاهرود,3,162,385,2403030003
1554,شاهسونکندی,28,236,984,6030001
1555,شاهو,20,334,868,1208010003
1556,شباب,6,146,389,1604040001
1557,شبانکاره,7,185,390,1803020002
1558,شبخوس لات,25,42,277,113010002
1559,شبلی,1,73,638,313020002
1560,شپیران,2,255,511,405020002
1561,شجاع,1,132,641,319020001
1562,شربیان,1,239,1041,305020003
1563,شرق وغرب شیرگاه,27,261,965,227010001
1564,شرقی,3,20,584,2401010005
1565,شروینه,22,134,494,509040001
1566,شریف آباد,8,106,392,2313010002
1567,شریف آباد,18,40,578,2605010002
1568,شریف آباد,21,214,488,804030002
1569,شریف آباد,21,264,881,806010006
1570,شش پیر,17,238,835,706020003
1571,ششده,17,309,394,708010001
1572,ششطراز,11,163,395,929010001
1573,شعبان,3,395,456,2404050001
1574,شعبان,30,428,1010,1303020001
1575,شعبجره,21,227,1098,805030003
1576,شعبه,11,212,179,927010002
1577,شعیبیه شرقی,13,277,396,612030001
1578,شعیبیه غربی,13,277,396,612030002
1579,شلال دشتگل,13,45,753,621030001
1580,شلاهی,13,1,757,601020003
1581,شلمی,24,390,543,2712020002
1582,شلیل,9,23,1047,1405020002
1583,شمس آباد,13,183,765,608020002
1584,شمس آباد,28,19,977,1020006
1585,شمشیر,22,107,902,503020001
1586,شمیل,29,82,140,2202050002
1587,شناتال,2,255,511,405020003
1588,شنبه,7,186,397,1804030001
1589,شورآب,17,25,817,717010002
1590,شوراب,26,147,1086,1510030001
1591,شوراب تنگزی,9,353,703,1406020001
1592,شوردشت,30,443,391,1304050003
1593,شورکات جنوبی,1,31,57,322010001
1594,شورم,23,381,325,1709020001
1595,شورو,16,225,506,1105040002
1596,شوریچه,17,251,837,725020002
1597,شوسف,10,429,398,2905010001
1598,شوقان,12,129,173,2803020001
1599,شوهان,6,400,633,1608010002
1600,شوی,20,62,860,1201020001
1601,شوییل,25,219,282,107020004
1602,شهدا,27,96,1097,204040002
1603,شهدا,31,414,1020,2106010002
1604,شهرآباد,8,315,691,2314020002
1605,شهرآباد,11,69,401,923030002
1606,شهرستانه,11,179,1072,907040002
1607,شهرک,3,103,32,2406040002
1608,شهرک,1,5,1031,321020001
1609,شهرمیان,17,39,819,703020004
1610,شهریاری,9,353,264,1406030002
1611,شهمردی,29,266,95,2212010002
1612,شهی,13,183,403,608040005
1613,شهیدآباد,17,158,1028,718010001
1614,شهیدآباد,18,15,855,2606010003
1615,شهیدآباد,27,55,100,202010004
1616,شهیدمدرس,13,277,771,612020003
1617,شیان,22,32,901,501030006
1618,شیتاب,23,379,1038,1708020001
1619,شیخ درآباد,1,413,651,310040002
1620,شیخ عامر,17,375,193,715050002
1621,شیخ فضل اله نوری,27,426,92,214010003
1622,شیخ موسی,24,13,916,2708020002
1623,شیخ نشین,25,382,382,116010002
1624,شیدا,9,79,406,1409020001
1625,شیرآباد,16,120,550,1121030002
1626,شیرامین,1,5,222,321030001
1627,شیرجوپشت,25,376,292,111040002
1628,شیرز,22,438,117,511010002
1629,شیرکوه,31,119,1017,2103020002
1630,شیرنگ,24,295,498,2703020002
1631,شیروان,26,71,947,1502020002
1632,شیرین دره,11,328,736,913030003
1633,شیرین سو,12,384,573,2806020002
1634,شیرین سو,30,335,407,1305030001
1635,شیرینک,21,70,538,810030002
1636,شیرینو,7,346,370,1806030002
1637,شیوانات,14,155,41,1903010001
1638,شیوه سر,22,107,76,503010003
1639,صاحب,20,252,326,1203010005
1640,صادقیه,4,419,617,1014020002
1641,صالح آباد,8,94,539,2319010002
1642,صالح آباد,11,285,733,940010002
1643,صالح آباد,30,93,410,1307030002
1644,صالحان,28,165,980,4010006
1645,صایین,1,239,644,305010005
1646,صایین قلعه,14,18,779,1901030005
1647,صحت آباد,5,34,619,3005010001
1648,صحرا,11,69,48,923010002
1649,صحرارود,17,309,840,708030002
1650,صحرای باغ,17,373,411,711080001
1651,صحنه,22,286,909,510020003
1652,صدرآباد,31,414,1060,2106020002
1653,صفاخانه,2,271,667,411010001
1654,صفاییه,4,419,617,1014020003
1655,صفاییه,11,224,730,935010002
1656,صفی آباد,12,30,72,2801010002
1657,صلخ,29,323,215,2204040002
1658,صلوات,3,395,580,2404040002
1659,صوغان,21,24,414,823020001
1660,صومای جنوبی,2,26,416,401030002
1661,صومای شمالی,2,26,416,401030003
1662,صیدون جنوبی,13,59,417,615030002
1663,صیدون شمالی,13,59,417,615030004
1664,ضیابر,25,287,939,108020001
1665,طارم,29,149,996,2208020002
1666,طارند بالا,8,112,175,2318020002
1667,طاغنکوه جنوبی,11,316,420,933020002
1668,طاغنکوه شمالی,11,316,420,933020001
1669,طاقانک,9,281,701,1402020003
1670,طالخونچه,4,386,615,1017010001
1671,طاهرگوراب,25,287,939,108020002
1672,طاهری,7,346,370,1806030001
1673,طبر,12,129,173,2803020002
1674,طبس,11,173,1073,938030001
1675,طبس مسینا,10,181,533,2902020001
1676,طراح,13,150,544,625020001
1677,طرازناهید,28,236,984,6030002
1678,طرق رود,4,421,618,1015010003
1679,طرقبه,11,102,421,932010001
1680,طرود,15,270,790,2003030003
1681,طرهان شرقی,26,352,422,1506020002
1682,طرهان غربی,26,352,422,1506020003
1683,طریق الاسلام,30,428,1010,1303020002
1684,طسوج,7,186,397,1804030002
1685,طسوج,17,348,423,728020001
1686,طغامین,20,98,480,1202020001
1687,طغرل الجرد,21,351,424,814010002
1688,طلاتپه,2,26,1056,401050001
1689,طور,27,267,139,226020002
1690,طولارود,25,291,940,104030003
1691,طیبی سرحدی شرقی,23,355,189,1702020003
1692,طیبی سرحدی غربی,23,355,189,1702020004
1693,طیبی گرمسیری جنوبی,23,355,364,1702070002
1694,طیبی گرمسیری شمالی,23,379,899,1708010001
1695,عالی طیب,23,379,899,1708010002
1696,عبا س  شرقی,1,73,150,313010003
1697,عباس غربی,1,73,150,313010004
1698,عبدلیه شرقی,13,204,767,619010001
1699,عبدلیه غربی,13,204,767,619010002
1700,عثمانوند,22,339,448,502030003
1701,عرب داغ,24,342,136,2709030002
1702,عربخانه,10,429,398,2905010002
1703,عزیزآباد,21,420,891,821010002
1704,عزیزک,27,56,112,216030002
1705,عسگریه,8,112,685,2318010002
1706,عسلویه,7,294,680,1810010001
1707,عشایر,4,306,610,1007010005
1708,عشرستاق,27,96,1097,204040003
1709,عشق آباد,11,432,1045,917050002
1710,عظیمیه,8,221,689,2303040003
1711,عقدا,31,22,426,2101030001
1712,عقیلی جنوبی,13,359,427,620010001
1713,عقیلی شمالی,13,359,427,620010002
1714,علامرودشت,17,375,428,715040002
1715,علویه,17,137,483,704030001
1716,علی آباد,1,440,653,311020003
1717,علی آباد,17,161,829,734010003
1718,علی آباد,21,296,883,812010003
1719,علی آباد,27,317,969,210020004
1720,علی آباد زیبا کنار,25,211,564,105040002
1721,علی آبادملک,17,25,817,717010003
1722,علی اباد,31,119,1017,2103020003
1723,علی جمال,10,76,706,2908010001
1724,علیا,4,21,595,1001010003
1725,علیشار,28,228,232,10010002
1726,علیشروان,6,53,376,1601040002
1727,علیصدر,30,335,534,1305010001
1728,عمادده,17,373,411,711080002
1729,عناقچه,13,63,760,624010002
1730,عنبر,13,394,430,613050001
1731,عنبران,3,425,431,2408030001
1732,عوالان,20,334,1034,1208020003
1733,غرب کارون,13,160,764,607010003
1734,غربی,3,20,152,2401060001
1735,غزالی,11,432,1045,917050003
1736,غلامان,12,201,432,2808020001
1737,غنی آباد,8,221,689,2303040002
1738,غنی بیگلو,14,230,317,1904020005
1739,غیزانیه,13,49,433,603050002
1740,غیناب,10,243,711,2903010003
1741,فارغان,29,149,434,2208010002
1742,فاروج,12,298,749,2805020003
1743,فاریاب,29,216,998,2207020003
1744,فال,17,406,542,721010003
1745,فامور,17,331,163,710010003
1746,فتح آباد,17,329,842,720020001
1747,فتح آباد,17,348,423,728020002
1748,فتح آباد,21,60,871,801030005
1749,فتح آباد,22,324,910,506020003
1750,فتح آباد,31,151,1018,2109010002
1751,فتویه,29,74,990,2209020002
1752,فجر,24,371,926,2706040003
1753,فجر,31,448,1021,2105030002
1754,فخررود,10,181,468,2902010001
1755,فداغ,17,361,846,727010001
1756,فدشکوییه,17,309,404,708020001
1757,فراغه,31,16,1012,2107020002
1758,فراغی,24,118,918,2702020002
1759,فرامرزان,29,74,176,2209010002
1760,فرح آباد جنوبی,27,233,294,207070002
1761,فرح آباد شمالی,27,233,294,207070001
1762,فرخ آباد,5,304,1026,3006020002
1763,فردو,19,327,520,2501040001
1764,فردوس,8,282,182,2309030002
1765,فردوس,21,138,31,803060002
1766,فردوس,21,214,438,804050002
1767,فردیس,5,304,622,3006010001
1768,فرسش,26,41,78,1501060002
1769,فرمشکان,17,348,844,728010001
1770,فرمهین,28,302,986,13010001
1771,فروان,15,6,521,2006020002
1772,فروغن,11,237,286,908050002
1773,فرومد,15,410,793,2007010002
1774,فرون آباد,8,106,684,2313020002
1775,فریم,27,233,265,207020002
1776,فریمان,11,308,734,922020003
1777,فسارود,17,175,439,705060001
1778,فش,22,347,912,507010002
1779,فشارود,10,99,707,2901040004
1780,فشک,28,302,986,13010002
1781,فضل,11,432,743,917040003
1782,فضل,30,428,314,1303030001
1783,فلارد,9,377,441,1404010002
1784,فندرسک جنوبی,24,206,442,2711010001
1785,فندرسک شمالی,24,206,442,2711010002
1786,فنوج,16,311,808,1119010001
1787,فورگ,17,175,444,705040002
1788,فولادلوی جنوبی,3,20,1095,2401040001
1789,فولادلوی شمالی,3,20,1095,2401040002
1790,فهرج,21,313,885,819010002
1791,فهرج,31,448,1021,2105030003
1792,فهلیان,17,401,850,713030008
1793,فیرورق جنوبی,2,174,445,403060002
1794,فیرورق شمالی,2,174,445,403060001
1795,فیروزآباد,26,253,447,1509010001
1796,فیروزبهرام,8,33,209,2310010002
1797,فیروزجاه,27,55,99,202030002
1798,فیروزه,11,316,735,933010002
1799,فیشور,17,47,820,736010001
1800,فیضیه,27,55,956,202020002
1801,فیلستان,8,106,684,2313020003
1802,فین,29,82,449,2202030002
1803,قاسم آباد,21,214,877,804020012
1804,قاضی,12,384,357,2806010002
1805,قاضی جهان,1,5,222,321030003
1806,قافلانکوه شرقی,1,413,471,310020001
1807,قافلانکوه غربی,1,413,651,310040003
1808,قاقازان شرقی,18,113,857,2602040001
1809,قاقازان غربی,18,113,857,2602040002
1810,قاهان,19,327,240,2501020002
1811,قایدرحمت,26,157,305,1503050003
1812,قایم آباد,8,282,690,2309020006
1813,قایم آباد,16,434,408,1115020001
1814,قاین,10,318,713,2904020002
1815,قبله ای,13,183,765,608020003
1816,قبله داغی,1,5,222,321030002
1817,قراتوره,20,199,863,1207020005
1818,قرانقو,1,440,653,311020004
1819,قراولان,24,358,569,2714020001
1820,قرق,24,362,108,2705030002
1821,قرقری,16,447,450,1111020001
1822,قره باشلو,11,179,188,907010001
1823,قره باغ,17,283,838,707050006
1824,قره بلاغ,14,254,68,1910020002
1825,قره بلاغ,17,309,394,708010002
1826,قره بیشه,4,305,319,1006040002
1827,قره پشتلوبالا,14,230,451,1904060001
1828,قره پشتلوپایین,14,230,451,1904060002
1829,قره چای,28,236,984,6030003
1830,قره چمن,17,283,21,707060002
1831,قره سو,3,395,1027,2404030001
1832,قره سو,2,174,664,403020007
1833,قره سو,2,383,669,406040005
1834,قره سو,22,339,911,502040004
1835,قره سو شرقی,24,118,368,2702030002
1836,قره سو غربی,24,118,368,2702030001
1837,قره طغان,27,424,974,219010002
1838,قره قویون جنوبی,2,278,453,417010002
1839,قره قویون شمالی,2,278,668,417020001
1840,قره کهریز,28,269,454,7040001
1841,قره ناز,1,389,648,306020005
1842,قریه الخیر,17,175,177,705050002
1843,قزقانچای,8,315,19,2314010002
1844,قزل آلان,24,368,537,2713020002
1845,قزل اوزن,1,413,651,310040004
1846,قزل گچیلو,14,385,786,1909020004
1847,قزوینه,22,347,912,507010005
1848,قشلاق,1,48,443,302050001
1849,قشلاق,1,343,4,315030003
1850,قشلاق,17,158,828,718020002
1851,قشلاق جنوبی,3,101,455,2402020001
1852,قشلاق جیتو,8,320,693,2321010001
1853,قشلاق شرقی,3,101,455,2402020002
1854,قشلاق غربی,3,38,77,2411020002
1855,قشلاقات افشار,14,155,41,1903010002
1856,قصبه شرقی,11,237,731,908070002
1857,قصبه غربی,11,237,731,908070003
1858,قصلان,20,321,350,1205030001
1859,قطب آباد,17,137,483,704030002
1860,قطرویه,17,430,457,714040002
1861,قطور,2,174,458,403050002
1862,قلات,17,47,114,736020002
1863,قلایی,26,253,447,1509010002
1864,قلتوق,14,230,783,1904050011
1865,قلخانی,22,176,552,513010001
1866,قلعه,6,146,306,1604050002
1867,قلعه,21,402,890,813010001
1868,قلعه بالا,11,333,436,914050002
1869,قلعه بیابان,17,175,177,705050001
1870,قلعه تل,13,59,759,615020003
1871,قلعه جوق,14,385,53,1909010002
1872,قلعه چنعان,13,330,772,627010002
1873,قلعه حمام,11,285,733,940010003
1874,قلعه خواجه,13,45,753,621030002
1875,قلعه دره سی,2,383,669,406040003
1876,قلعه زری,10,172,174,2910020003
1877,قلعه شاهین,22,244,460,504020001
1878,قلعه عسگر,21,70,563,810020001
1879,قلعه قاضی,29,82,461,2202060002
1880,قلعه قافه,24,417,928,2707040002
1881,قلعه گنج,21,326,886,816020001
1882,قلعه مظفری,26,253,953,1509020002
1883,قلعه میران,24,206,919,2711020003
1884,قلعه نو,8,221,462,2303060001
1885,قلعه هاشم,18,91,381,2601030002
1886,قلقل رود,30,125,463,1301010001
1887,قلندرآباد,11,308,464,922010002
1888,قمبوان,4,194,605,1021010002
1889,قمرود,19,327,859,2501030002
1890,قناتغستان,21,338,574,808040001
1891,قنوات,19,327,859,2501030003
1892,قوچان عتیق,11,328,736,913030004
1893,قوری چای,20,195,862,1210010003
1894,قوری چای شرقی,1,140,642,323020003
1895,قوری چای غربی,1,389,338,306030003
1896,قوری قلعه,22,215,387,514010001
1897,قوریگل,1,73,638,313020003
1898,قوشخانه بالا,12,284,466,2804030001
1899,قوشخانه پایین,12,284,466,2804030002
1900,قهاب جنوبی,4,37,596,1002030004
1901,قهاب رستاق,15,177,47,2001010001
1902,قهاب شمالی,4,37,596,1002030005
1903,قهاب صرصر,15,177,47,2001010002
1904,قهرود,4,332,465,1010020002
1905,قهستان,10,181,468,2902010002
1906,قهفرخ,9,281,437,1402060001
1907,قیلاب,13,46,42,602010002
1908,کاخک,11,369,469,915030002
1909,کارده,11,396,741,916050003
1910,کارزان,6,265,470,1609020002
1911,کارواندر,16,152,798,1103010004
1912,کاری پی,27,55,562,202050001
1913,کاریزان,11,116,1063,906030002
1914,کاغذکنان شمالی,1,413,471,310020002
1915,کاغذکنان مرکزی,1,413,471,310020003
1916,کاکاشرف,26,157,949,1503060007
1917,کاکان,23,90,894,1701030005
1918,کاکاوندشرقی,26,188,472,1504010003
1919,کاکاوندغربی,26,188,472,1504010004
1920,کاکی,7,186,473,1804010002
1921,کال,17,375,38,715030002
1922,کالج,27,427,976,215040003
1923,کامفیروزجنوبی,17,392,475,712030002
1924,کامفیروزشمالی,17,392,476,712070002
1925,کانی بازار,2,404,241,407010001
1926,کانی سور,20,62,1068,1201030001
1927,کانی شیرین,20,199,484,1207010003
1928,کاوه آهنگر,4,139,601,1020020001
1929,کاه,11,178,727,939010001
1930,کاهشنگ,10,99,707,2901040005
1931,کبگان,7,186,473,1804010003
1932,کبگیان,23,90,477,1701050002
1933,کبوترخان,21,214,877,804020013
1934,کبوترسرخ,4,139,601,1020020002
1935,کبودگنبد,11,340,738,928020001
1936,کبیرکوه,6,400,529,1608020002
1937,کترا,27,123,1062,205030002
1938,کتول,24,295,920,2703010002
1939,کته سر خمام,25,211,242,105010004
1940,کجید,25,42,277,113010003
1941,کچو,4,21,595,1001010004
1942,کدکن,11,117,479,905050003
1943,کذاب,31,35,239,2108010001
1944,کراب,11,237,731,908070004
1945,کرات,11,114,718,904020002
1946,کرارج,4,37,596,1002030006
1947,کرانی,20,98,480,1202020002
1948,کرچمبوجنوبی,4,86,482,1024020001
1949,کرچمبوشمالی,4,86,482,1024020002
1950,کرخه,13,150,763,625010001
1951,کرزان رود,30,125,1004,1301020004
1952,کرسف,14,155,781,1903030006
1953,کرشت,8,108,107,2320010002
1954,کرغند,10,318,1080,2904030002
1955,کرفتو,2,122,661,412010003
1956,کرک ونارتیج,21,77,83,802070002
1957,کرکس,4,421,618,1015010004
1958,کرکوند,4,386,615,1017010003
1959,کرگان,29,416,102,2205050002
1960,کرگاه شرقی,26,157,949,1503060006
1961,کرگاه غربی,26,157,949,1503060005
1962,کرماجان,22,347,912,507010003
1963,کرند,10,76,706,2908010002
1964,کرند,24,371,250,2706020002
1965,کرون سفلی,4,127,486,1019010001
1966,کرون علیا,4,127,486,1019010002
1967,کره سنی,2,255,666,405010005
1968,کریان,29,416,1001,2205030004
1969,کریم آباد,8,106,392,2313010003
1970,کزاز,28,269,985,7010007
1971,کسلیان,27,260,324,208030002
1972,کسما,25,287,939,108020003
1973,کشاور,2,271,487,411020004
1974,کشتگان,16,240,94,1106050002
1975,کشکان جنوبی,26,147,388,1510020002
1976,کشکان شمالی,26,147,388,1510020001
1977,کشکسرای,1,391,649,307020005
1978,کشکوییه,21,214,488,804030003
1979,کشمیران,21,402,890,813010002
1980,کشور,26,157,120,1503020004
1981,کشوری,6,53,625,1601030003
1982,کشیت,21,338,535,808030002
1983,کفترک,17,283,838,707050008
1984,کفدهک,17,156,827,729020001
1985,کفش کنان,23,97,893,1705020002
1986,کلاترزان,20,259,491,1204040002
1987,کلاته های شرقی,15,410,793,2007010003
1988,کلاته های غربی,15,270,87,2003010002
1989,کلار آباد غربی,27,292,355,224020002
1990,کلار شرقی,27,292,493,224030001
1991,کلار غربی,27,292,493,224030002
1992,کلاردشت شرقی,27,341,970,228010001
1993,کلاردشت غربی,27,341,970,228010002
1994,کلارستاق شرقی,27,142,961,220020001
1995,کلارستاق غربی,27,142,961,220020002
1996,کلاشگرد,21,299,884,822010001
1997,کلاشی,22,134,494,509040002
1998,کلان,6,54,312,1607010001
1999,کلبادشرقی,27,367,495,222010001
2000,کلبادغربی,27,367,495,222010002
2001,کلخوران,3,20,584,2401010007
2002,کلشتر,25,217,935,106030003
2003,کلم,6,67,628,1610010001
2004,کله بوزشرقی,1,413,651,310040005
2005,کله بوزغربی,1,413,651,310040006
2006,کله گان,16,240,156,1106010002
2007,کلیایی,30,29,134,1306020002
2008,کلیجان رستاق سفلی,27,233,963,207030003
2009,کلیجان رستاق علیا,27,233,497,207050002
2010,کلیشم,25,217,429,106020003
2011,کلین,8,221,440,2303020003
2012,کمارج,17,331,501,710020002
2013,کمازان سفلی,30,398,318,1302040001
2014,کمازان علیا,30,398,318,1302040002
2015,کمازان وسطی,30,398,318,1302040003
2016,کمال آباد,5,336,623,3001010003
2017,کمال رود,30,125,463,1301010002
2018,کمبل سلیمان,16,143,797,1102020004
2019,کمهر,17,238,835,706020002
2020,کمین,17,105,825,723010002
2021,کنار تخته,17,331,501,710020001
2022,کنار رود,5,289,70,3004020002
2023,کنارپروژ,2,255,666,405010006
2024,کناررودخانه,4,366,613,1011010002
2025,کنارسر,25,211,503,105030002
2026,کنارشهر,11,69,717,923020001
2027,کناره,17,392,849,712040008
2028,کنت,16,263,1094,1114020002
2029,کندوان,1,413,502,310030002
2030,کندوله,22,286,273,510010003
2031,کنگان,29,130,995,2206020003
2032,کنگور,24,342,922,2709020004
2033,کنویست,11,396,741,916050005
2034,کوار,17,348,844,728010002
2035,کوت عبدالله,13,330,772,627010001
2036,کوتک,21,356,888,809040006
2037,کوخرد,29,74,504,2209030001
2038,کوری,7,133,675,1809020002
2039,کورین,16,225,506,1105040001
2040,کوسالان,20,250,864,1209020006
2041,کوشک,13,45,3,621010002
2042,کوشک,31,61,1015,2102020003
2043,کوشک قاضی,17,309,840,708030003
2044,کوشک هزار,17,100,824,731010002
2045,کوشکنار,29,104,508,2211010002
2046,کولکنی,6,182,572,1602040001
2047,کوله,20,199,327,1207030003
2048,کوماسی,20,393,869,1206030003
2049,کوه پناه,28,121,979,3020004
2050,کوه پنج,21,70,872,810010003
2051,کوه خواجه,16,437,151,1116020002
2052,کوه دشت,4,332,1077,1010040002
2053,کوه دشت جنوبی,26,352,954,1506030001
2054,کوه دشت شمالی,26,352,954,1506030002
2055,کوه سرده,30,398,1009,1302030007
2056,کوه سفید,11,354,739,941010004
2057,کوه سفید,16,152,798,1103010005
2058,کوه شاه,29,149,18,2208030002
2059,کوه مره خامی,23,58,892,1707010002
2060,کوه مره سرخی,17,283,21,707060003
2061,کوه همایی,11,237,286,908050003
2062,کوه یخاب,10,290,256,2911010002
2063,کوهپایه,4,332,612,1010030001
2064,کوهپایه,11,69,717,923020002
2065,کوهپایه,28,236,1070,6040003
2066,کوهپایه شرقی,18,4,854,2604020002
2067,کوهپایه غربی,18,4,854,2604020003
2068,کوهدشت شرقی,27,412,973,225010001
2069,کوهدشت غربی,27,412,973,225010002
2070,کوهسار,4,170,603,1004010003
2071,کوهسار,1,440,653,311020005
2072,کوهسار,28,269,454,7040002
2073,کوهساران,27,317,969,210020006
2074,کوهستان,4,418,616,1013030003
2075,کوهستان,1,293,459,325010002
2076,کوهستان,17,175,283,705020004
2077,کوهستان,21,218,155,815010002
2078,کوهستان,27,96,958,204020001
2079,کوهستان,27,142,583,220030002
2080,کوهستانی تالش,25,291,940,104030004
2081,کوهسنگی,11,114,1046,904030003
2082,کوهک,16,240,1043,1106060001
2083,کوهک,17,137,826,704040002
2084,کوهگیر,18,322,419,2603040003
2085,کوهمره,17,350,514,733020001
2086,کوهنانی,26,352,515,1506040002
2087,کوهنجان,17,251,516,725010001
2088,کوهین,30,335,1008,1305020005
2089,کویر,4,7,518,1018010002
2090,کویر,10,290,274,2911030002
2091,کویر,11,163,395,929010002
2092,کویرات,4,7,518,1018010001
2093,کویرات,21,338,194,808070002
2094,کهدوییه,31,119,525,2103040002
2095,کهرویه,4,280,608,1009020004
2096,کهریزک,8,221,519,2303030002
2097,کهک,19,327,520,2501040002
2098,کهن آباد,15,6,521,2006020001
2099,کهنوک,16,152,55,1103030002
2100,کهورستان,29,164,997,2210020002
2101,کهیر,16,345,810,1109020002
2102,کهیری,16,433,12,1107060002
2103,کیارس,13,359,773,620020002
2104,کیارشرقی,9,357,704,1407010001
2105,کیارغربی,9,357,704,1407010002
2106,کیاشهر,25,10,522,102010002
2107,کیاکلا,27,267,966,226010001
2108,کیبر,11,169,171,919030002
2109,کیسکان,21,60,871,801030006
2110,کیسم,25,10,931,102020003
2111,کیش,29,84,523,2203030002
2112,کیشکور,16,242,524,1123020001
2113,کیوان,1,154,643,326010002
2114,کیونانات,22,258,496,505020003
2115,گابریک,29,130,995,2206020004
2116,گاریزات,31,119,525,2103040001
2117,گافر,29,75,526,2213030001
2118,گاماسیاب,22,286,909,510020004
2119,گاماسیاب,30,428,1010,1303020005
2120,گاوخونی,4,37,96,1002050002
2121,گاودول شرقی,1,399,650,320020001
2122,گاودول غربی,1,399,650,320020002
2123,گاودول مرکزی,1,399,650,320020003
2124,گاورود,20,334,1034,1208020004
2125,گاورود,22,258,908,505010007
2126,گاوکان,21,222,879,817020003
2127,گتاب جنوبی,27,55,527,202060001
2128,گتاب شمالی,27,55,527,202060002
2129,گتیج,16,311,528,1119020001
2130,گچلرات شرقی,2,110,22,415010001
2131,گچلرات غربی,2,110,22,415010002
2132,گچی,6,400,529,1608020001
2133,گچین,29,82,992,2202040005
2134,گرجی,4,86,599,1024010002
2135,گرده,3,425,593,2408020003
2136,گرکان,28,11,978,2010002
2137,گرکن,4,386,530,1017020001
2138,گرکن شمالی,4,310,133,1008010002
2139,گرگان بوی,24,13,916,2708020003
2140,گرگین,20,98,480,1202020003
2141,گرما دوزغربی,1,154,531,326020002
2142,گرماب,27,233,210,207010003
2143,گرمادوزشرقی,1,154,531,326020001
2144,گرمخان,12,65,532,2802050001
2145,گرمدره,5,336,623,3001010001
2146,گرمسار,21,296,159,812030001
2147,گرمسیر,4,21,1039,1001030001
2148,گرمه,17,392,476,712070001
2149,گرمه جنوبی,1,413,651,310040007
2150,گرمه شمالی,1,413,502,310030003
2151,گرو,24,417,512,2707050001
2152,گریت,26,157,120,1503020005
2153,گرین,30,428,314,1303030002
2154,گزور,16,242,1053,1123030002
2155,گزیک,10,181,533,2902020002
2156,گزین,13,441,285,622010002
2157,گشت,16,240,805,1106040005
2158,گشت,25,312,941,109020004
2159,گفشه لشت نشاء,25,211,564,105040003
2160,گل بانو,11,116,127,906050002
2161,گل برنجی,17,161,829,734010001
2162,گل بی بی,11,246,582,920010002
2163,گل تپه,20,252,326,1203010004
2164,گل تپه,30,335,534,1305010002
2165,گل سفید,25,380,943,110010004
2166,گل گل,26,352,954,1506030003
2167,گلاب,4,332,82,1010050002
2168,گلابر,14,50,780,1906020002
2169,گلچیدر,20,393,347,1206020002
2170,گلخندان,8,108,107,2320010001
2171,گلزار,21,70,538,810030001
2172,گلسار,4,170,603,1004010001
2173,گلستان,4,310,467,1008030001
2174,گلستان,12,364,750,2807010001
2175,گلستان,21,264,540,806030001
2176,گلستان,24,358,569,2714020002
2177,گلشن,10,290,712,2911020002
2178,گلمکان,11,148,536,918010003
2179,گله دار,17,406,542,721010002
2180,گله زن,28,165,980,4010007
2181,گلی داغ,24,390,543,2712020001
2182,گلیان,12,284,748,2804020005
2183,گلیجان,27,123,959,205020002
2184,گنبد,30,443,1011,1304070005
2185,گنبد علوی,16,189,800,1112010001
2186,گنبر,1,31,636,322020003
2187,گنبکی,21,222,545,817010001
2188,گنج آباد,21,138,34,803050003
2189,گنج افروز,27,55,956,202020005
2190,گندمان,9,72,546,1401020002
2191,گواور,22,372,547,508020002
2192,گودرزی,26,71,37,1502010003
2193,گوده,29,74,990,2209020003
2194,گودین,22,347,912,507010004
2195,گور,21,138,329,803010003
2196,گوراب,6,196,337,1603040002
2197,گوراب پس,25,312,941,109020005
2198,گوراب زرمیخ,25,287,1049,108030001
2199,گوران,6,442,635,1611010001
2200,گورانی,22,176,552,513010002
2201,گوربند,29,416,1001,2205030005
2202,گورک سردشت,2,248,665,404010004
2203,گورک نعلین,2,248,1083,404020001
2204,گورکا,25,10,931,102020002
2205,گوزل دره,14,254,68,1910020001
2206,گوغر,21,60,871,801030007
2207,گوگ تپه,3,101,586,2402010004
2208,گونی شرقی,1,273,645,314020003
2209,گونی غربی,1,273,143,314030002
2210,گونی مرکزی,1,273,645,314020005
2211,گوهران,2,174,664,403020010
2212,گوهران,29,75,549,2213020001
2213,گوهرکوه,16,120,550,1121030001
2214,گویجه بل,1,48,637,302020005
2215,گهرباران جنوبی,27,412,551,225020002
2216,گهرباران شمالی,27,412,551,225020001
2217,گهره,29,82,449,2202030003
2218,گیان,30,428,553,1303040002
2219,گیفان,12,65,532,2802050002
2220,گیل دولاب,25,213,934,114020002
2221,گیلوان,14,288,555,1908030001
2222,لات لیل,25,380,39,110020002
2223,لادیز,16,415,557,1117020002
2224,لار,9,281,558,1402050001
2225,لارک,29,323,1000,2204020003
2226,لاریجان سفلی,27,14,559,201010002
2227,لاریم,27,135,554,221010002
2228,لاسگرد,15,247,342,2008010001
2229,لاشارجنوبی,16,433,560,1107040002
2230,لاشارشمالی,16,433,560,1107040003
2231,لاکان,25,211,933,105050004
2232,لاله آباد,27,55,562,202050002
2233,لاله زار,21,70,563,810020002
2234,لامی,13,49,755,603020009
2235,لانو,10,243,254,2903030001
2236,لاوان,29,84,523,2203030003
2237,لاویج,27,426,201,214020001
2238,لاهرود,3,395,1027,2404030002
2239,لاهیجان,1,115,236,303040002
2240,لاهیجان,2,111,660,402010005
2241,لاهیجان شرقی,2,111,556,402020001
2242,لاهیجان غربی,2,111,556,402020002
2243,لای سیاه,4,418,616,1013030004
2244,لجران,15,363,791,2004020004
2245,لفمجان,25,376,942,111020005
2246,لفور,27,261,965,227010002
2247,لک,20,321,350,1205030002
2248,لکستان,2,255,666,405010007
2249,للر کتک,13,45,199,621020002
2250,لنگارود شرقی,27,292,967,224010001
2251,لنگارود غربی,27,292,967,224010002
2252,لواسان بزرگ,8,275,566,2304020001
2253,لواسان کوچک,8,275,566,2304020002
2254,لوتک,16,437,815,1116010003
2255,لوداب,23,90,567,1701040001
2256,لولمان,25,211,503,105030003
2257,لولمان,25,312,941,109020006
2258,لومار,6,265,632,1609010002
2259,لوندویل,25,9,568,101020002
2260,لیالستان,25,376,942,111020006
2261,لیچارکی حسن رود,25,81,932,103010002
2262,لیراوی جنوبی,7,198,44,1808010001
2263,لیراوی شمالی,7,198,679,1808020001
2264,لیراوی میانی,7,198,44,1808010002
2265,لیسار,25,291,485,104040002
2266,لیشتر,23,360,898,1703020004
2267,لیل,25,376,942,111020007
2268,لیلان جنوبی,1,399,571,320010001
2269,لیلان شمالی,1,399,571,320010002
2270,لیوان,24,83,1076,2701020002
2271,ماچیان,25,219,492,107050002
2272,مادرسلیمان,17,105,126,723020002
2273,ماربین سفلی,4,166,602,1003010001
2274,ماربین علیا,4,166,602,1003010002
2275,ماربین وسطی,4,166,602,1003010003
2276,مارز,21,326,190,816010003
2277,مارگان,16,447,816,1111010002
2278,مارگون,23,381,900,1709010002
2279,مازو,13,46,42,602010003
2280,مازول,11,432,743,917040004
2281,ماژین,6,182,572,1602040002
2282,ماسال,25,382,944,116020002
2283,ماسبی,6,3,627,1606020002
2284,ماکوان,22,107,76,503010002
2285,مالفجان,25,262,937,115020003
2286,مالمیر,28,269,339,7020002
2287,مالوجه,20,321,262,1205050002
2288,مالین,11,57,715,937010001
2289,ماماتین,13,205,297,610030002
2290,ماه نشان,14,385,786,1909020005
2291,ماهان,21,338,574,808040002
2292,ماهرو,26,41,315,1501020003
2293,ماهور,17,401,575,713020001
2294,ماهوربرنجی,13,183,345,608010007
2295,ماهیدشت,22,339,576,502060002
2296,مبارک آباد,17,329,842,720020002
2297,مبارکه,31,61,1015,2102020001
2298,مجدآباد,17,392,849,712040009
2299,مچان,16,242,524,1123020002
2300,محترم آباد,16,311,528,1119020002
2301,محسن آب,6,407,634,1605030001
2302,محمدآباد,5,336,623,3001010002
2303,محمدآباد,16,437,815,1116010004
2304,محمدآباد,17,392,849,712040010
2305,محمدآباد,21,227,880,805020008
2306,محمدآباد,21,296,883,812010004
2307,محمدآباد,31,448,304,2105040002
2308,محمدیه,31,22,1013,2101020002
2309,محمله,17,167,579,724010002
2310,محمودآباد,3,103,138,2406030001
2311,محمودآباد,4,37,596,1002030007
2312,محمودآباد,2,271,667,411010002
2313,محمودآبادسید,21,264,322,806040002
2314,مخت,16,433,813,1107050002
2315,مدوارات,21,279,882,807010008
2316,مذکوره,27,233,963,207030005
2317,مراوه تپه,24,390,927,2712010001
2318,مرحمت آباد,2,411,671,408030005
2319,مرحمت آبادجنوبی,2,411,671,408030007
2320,مرحمت آبادشمالی,2,411,581,408040002
2321,مرحمت آبادمیانی,2,411,581,408040003
2322,مردهک,21,296,159,812030002
2323,مرزداران,11,246,582,920010003
2324,مرغا,13,51,756,604030006
2325,مرغملک,9,281,558,1402050002
2326,مرکزی,7,186,677,1804020003
2327,مرکیه,25,287,1049,108030002
2328,مرگور,2,26,373,401020003
2329,مریدان,25,380,509,110030002
2330,مزایجان,17,87,1023,716030002
2331,مزرعه جنوبی,24,13,1084,2708010001
2332,مزرعه شمالی,24,13,1084,2708010002
2333,مزرعه نو,28,11,978,2010003
2334,مزینان,11,178,727,939010002
2335,مسافرآباد,29,216,295,2207010002
2336,مسکوتان,16,311,808,1119010002
2337,مسکون,21,138,158,803020003
2338,مشایخ,9,357,1058,1407020002
2339,مشایخ,17,401,261,713050002
2340,مشراگه,13,204,1024,619020002
2341,مشرحات,13,49,433,603050001
2342,مشک آباد,28,19,1029,1040002
2343,مشکان,11,173,1025,938020001
2344,مشکان,17,430,130,714020004
2345,مشکین آباد,5,304,1026,3006020001
2346,مشگین شرقی,3,395,592,2404020005
2347,مشگین غربی,3,395,456,2404050002
2348,مشهدالکوبه,28,19,330,1030002
2349,مشهدمیقان,28,19,977,1020008
2350,مشیز,21,70,872,810010005
2351,مصعبی,10,241,13,2906010002
2352,معجزات,14,230,783,1904050010
2353,معزآباد,17,156,827,729020002
2354,معزیه,21,338,194,808070003
2355,معصومیه,28,19,1029,1040001
2356,معلم کلایه,18,322,288,2603020003
2357,معمولان,26,109,1030,1508020002
2358,مغویه,29,84,993,2203050003
2359,مفتح,30,300,1007,1309010002
2360,مقام,29,84,405,2203020002
2361,مکریان شرقی,2,404,670,407020002
2362,مکریان شمالی,2,411,671,408030006
2363,مکریان غربی,2,404,670,407020004
2364,ملاثانی,13,63,760,624010001
2365,ملارد جنوبی,8,397,694,2317010002
2366,ملارد شمالی,8,397,694,2317010001
2367,ملاسرا,25,274,938,112020002
2368,ملاوی,26,109,948,1508010003
2369,ملایعقوب,1,239,644,305010006
2370,ملک آباد,21,264,540,806030002
2371,ملکاری,2,248,1083,404020002
2372,منتظریه,10,290,712,2911020003
2373,منج,9,377,1032,1404040002
2374,منجوان شرقی,1,154,1033,326030002
2375,منجوان غربی,1,154,1033,326030003
2376,منجیل آباد,8,208,688,2312020002
2377,منصورآقایی,22,215,387,514010002
2378,منصوری,22,32,219,501010002
2379,منظریه,4,280,608,1009020003
2380,منگشت,13,59,759,615020004
2381,منگورشرقی,2,404,241,407010002
2382,منگورغربی,2,111,660,402010004
2383,مواضع خان شرقی,1,439,245,316010002
2384,مواضع خان شمالی,1,439,245,316010003
2385,مود,10,243,1035,2903020001
2386,موران,13,330,366,627020002
2387,مورتان,16,202,124,1108050003
2388,مورچه خورت,4,272,607,1016030002
2389,مورموری,6,3,489,1606010002
2390,موزاران,30,398,1009,1302030006
2391,موسی آباد,4,194,605,1021010003
2392,مولان,1,343,647,315020003
2393,مومن آباد,10,243,711,2903010002
2394,مومن آباد,21,420,287,821020002
2395,مویز,8,282,690,2309020008
2396,مه ولات جنوبی,11,403,742,930020002
2397,مه ولات شمالی,11,403,378,930010002
2398,مهاجران,30,93,561,1307010002
2399,مهارلو,17,251,516,725010002
2400,مهبان,16,433,813,1107050003
2401,مهر,11,178,66,939020002
2402,مهر,17,406,851,721020003
2403,مهرآباد,8,191,298,2302030002
2404,مهرآباد,31,16,109,2107010002
2405,مهران,29,84,1040,2203060001
2406,مهرانرودجنوبی,1,73,638,313020004
2407,مهرانرودمرکزی,1,73,638,313020005
2408,مهربان سفلی,30,335,534,1305010003
2409,مهربان علیا,30,335,407,1305030002
2410,مهرگان,29,104,994,2211020002
2411,مهروان,27,424,974,219010003
2412,مهروییه,21,299,884,822010002
2413,مهماندوست,3,431,505,2409020001
2414,مهیار,10,318,713,2904020003
2415,میامی,11,396,284,916060003
2416,میامی,15,410,793,2007010001
2417,میان آب جنوبی,13,277,1044,612040001
2418,میان آب شمالی,13,277,1044,612040002
2419,میان بند,27,426,975,214030001
2420,میان جام,11,116,719,906020005
2421,میان جوین,11,131,1090,934020002
2422,میان خواف,11,169,725,919020002
2423,میان دربند,22,339,911,502040006
2424,میان دشت,12,129,746,2803030002
2425,میان رخ,11,117,170,905070003
2426,میان رود,30,125,463,1301010003
2427,میان طالقان,5,289,621,3004010001
2428,میان کاله,27,96,958,204020002
2429,میان کوه موگویی,9,353,703,1406020003
2430,میان ولایت,11,396,741,916050004
2431,میاندشت,4,332,612,1010030003
2432,میاندشت,10,181,709,2902030002
2433,میاندورود بزرگ,27,412,973,225010003
2434,میاندورودکوچک,27,233,963,207030006
2435,میانده,17,309,404,708020002
2436,میانرود,20,259,371,1204060002
2437,میانرود,27,426,201,214020002
2438,میانکوه,9,23,1047,1405020001
2439,میانکوه,11,179,188,907010002
2440,میانکوه,31,409,1019,2104010004
2441,میانکوه شرقی,26,109,1030,1508020003
2442,میانکوه غربی,26,109,948,1508010004
2443,میدان چای,1,115,640,303030005
2444,میداود,13,59,1048,615040002
2445,میرآباد,16,78,490,1120020002
2446,میرده,20,252,865,1203020006
2447,میرشمس الدین,27,123,959,205020001
2448,میریگ جنوبی,26,188,950,1504020003
2449,میریگ شمالی,26,188,950,1504020004
2450,میزدج سفلی,9,297,185,1403040002
2451,میزدج علیا,9,297,702,1403020002
2452,میش خاص,6,53,376,1601040001
2453,میشاب شمالی,1,391,649,307020006
2454,میشان,17,401,575,713020002
2455,میشوجنوبی,1,273,415,314010003
2456,میشه پاره,1,343,647,315020004
2457,میغان,10,429,714,2905020002
2458,میلاجرد,28,344,1050,11020002
2459,میلاس,9,377,705,1404020007
2460,میلانلو,12,30,744,2801020005
2461,میمنت,8,94,539,2319010001
2462,میمند,21,279,882,807010009
2463,میناباد,3,425,431,2408030002
2464,مینان,16,242,1053,1123030001
2465,مینوبار,13,1,27,601010001
2466,ناتل رستاق,27,426,201,214020003
2467,ناتل کنارسفلی,27,426,975,214030002
2468,ناتل کنارعلیا,27,426,975,214030003
2469,نارپ,21,70,1066,810040002
2470,نارستان,31,22,426,2101030002
2471,نازلوچای,2,26,1056,401050002
2472,نازلوشمالی,2,26,1056,401050003
2473,نازلوی جنوبی,2,26,656,401040011
2474,نازیل,16,120,1057,1121020001
2475,ناصری,13,268,243,611020002
2476,ناصریه,21,222,545,817010002
2477,ناغان,9,357,1058,1407020001
2478,ناهوک,16,240,156,1106010003
2479,نای بند,7,294,191,1810020001
2480,نبوت,6,54,626,1607020002
2481,نجف آباد,20,98,861,1202030005
2482,نجف آباد,21,264,881,806010010
2483,نجم آباد,5,422,624,3003010003
2484,نخلستان,4,171,604,1023010003
2485,نخلستان,10,290,712,2911020004
2486,نخلستان,21,356,888,809040004
2487,ندوشن,31,414,1060,2106020001
2488,نران,20,259,866,1204030006
2489,نرجه,18,113,857,2602040003
2490,نردین,15,410,474,2007020002
2491,نرگسان,21,296,159,812030003
2492,نساء,5,336,7,3001030003
2493,نسکند,16,242,1061,1123040001
2494,نشتیفان,11,169,725,919020001
2495,نصار,13,1,27,601010002
2496,نصرآباد,22,324,910,506020002
2497,نصراباد,31,119,1017,2103020004
2498,نصرت آباد,16,225,1064,1105030002
2499,نصرت آباد,18,40,853,2605020002
2500,نصروان,17,175,831,705030007
2501,نظام آباد,24,8,915,2710020002
2502,نظرکهریزی,1,440,1065,311030003
2503,نفتلیجه,24,368,925,2713010002
2504,نقدوز,1,48,443,302050002
2505,نقدی,3,395,1027,2404030003
2506,نقش رستم,17,392,849,712040011
2507,نگار,21,70,1066,810040001
2508,نگل,20,259,491,1204040003
2509,نگور,16,187,799,1122010001
2510,نگین کویر,21,313,1067,819020001
2511,نمه شیر,20,62,1068,1201030002
2512,ننور,20,62,1069,1201040003
2513,نوآباد,13,1,27,601010003
2514,نوبندگان,17,309,1071,708040001
2515,نوجه مهر,1,132,377,319010003
2516,نوجین,17,301,839,722010003
2517,نودژ,21,402,9,813020003
2518,نوده انقلاب,11,173,1073,938030002
2519,نورآباد,4,386,530,1017020002
2520,نورآباد,21,402,890,813010003
2521,نورآباد,26,188,950,1504020005
2522,نورعلی,26,188,950,1504020006
2523,نورعلی بیک,28,236,984,6030004
2524,نوشر خشکبیجار,25,211,238,105060002
2525,نوکنده کا,27,317,969,210020005
2526,نه,10,429,714,2905020003
2527,نهارجان,10,243,1035,2903020002
2528,نهرعنبر,6,196,1037,1603030003
2529,نهرمیان,28,269,307,7030003
2530,نهضت آباد,21,218,878,815020002
2531,نیارک,18,322,419,2603040004
2532,نیاسر,4,332,1077,1010040003
2533,نیزار,19,327,354,2501050002
2534,نیسان,13,446,1079,623010002
2535,نیلکوه,24,358,923,2714010002
2536,نیمبلوک,10,318,1080,2904030003
2537,نیوان,4,366,613,1011010003
2538,والانجرد,26,71,947,1502020003
2539,وچ کبود,6,3,336,1606030001
2540,وحدت,5,304,622,3006010002
2541,وحدت,21,227,880,805020009
2542,وحدت,23,379,1038,1708020002
2543,وحدتیه,7,185,351,1803010002
2544,وراوی,17,406,1081,721030002
2545,ورپشت,4,127,600,1019020002
2546,وردشت,4,257,1082,1005040001
2547,وردنجان,9,79,698,1409010002
2548,ورزق,4,305,319,1006040001
2549,ورزق جنوبی,4,305,609,1006030004
2550,ورقه,1,140,642,323020004
2551,ورگهان,1,48,637,302020006
2552,وفس,28,344,987,11010004
2553,وکیل آباد,21,24,870,823010002
2554,ولدیان,2,174,59,403040002
2555,ولوپی,27,260,964,208020003
2556,ولی آباد,8,320,693,2321010002
2557,ونداده,4,272,1052,1016020002
2558,ونک,4,257,606,1005020003
2559,وهن آباد,8,208,688,2312020003
2560,ویرمونی,25,9,930,101010003
2561,ویژنان,22,372,913,508010006
2562,ویس,13,63,1085,624020001
2563,ویسیان,26,147,1086,1510030002
2564,ویلکیج جنوبی,3,425,1087,2408010001
2565,ویلکیج شمالی,3,425,593,2408020004
2566,ویلکیج مرکزی,3,425,1087,2408010002
2567,هپرو,13,59,759,615020006
2568,هتکه,27,261,1055,227020002
2569,هجداندشت,6,407,409,1605020001
2570,هجر,22,286,909,510020005
2571,هرابرجان,31,151,1022,2109020002
2572,هرازپی جنوبی,27,14,955,201020006
2573,هرازپی شمالی,27,388,341,218010002
2574,هرازپی غربی,27,388,972,218020003
2575,هرزندات شرقی,1,391,649,307020007
2576,هرزندات غربی,1,391,649,307020008
2577,هرسم,22,32,219,501010003
2578,هرگان,17,430,852,714030002
2579,هرم,17,373,186,711020003
2580,هرنگ,29,74,504,2209030002
2581,هروز,21,207,513,811010003
2582,هریرود,11,116,103,906040002
2583,هزارمسجد,11,340,738,928020002
2584,هستیجان,28,190,982,5010002
2585,هشیوار,17,175,831,705030008
2586,هفت آشیان,22,339,507,502070002
2587,هفت جوی,8,319,692,2316010002
2588,هفت خان,17,100,73,731020002
2589,هفدر,15,247,342,2008010002
2590,هق,2,36,1059,413020002
2591,هگمتانه,30,443,1011,1304070006
2592,هلایجان,13,51,756,604030007
2593,هلونچکان,16,325,809,1118010002
2594,هلیل,21,138,874,803040008
2595,همایجان,17,238,1091,706030003
2596,همبرات,4,21,1039,1001030002
2597,همت آباد,26,71,947,1502020004
2598,همدانک,8,94,104,2319020002
2599,همگین,4,194,605,1021010004
2600,هنام,26,253,953,1509020003
2601,هندمینی,6,67,1092,1610020001
2602,هندوخاله,25,287,149,108010002
2603,هندودر,28,269,339,7020001
2604,هندیجان شرقی,13,444,777,618010001
2605,هندیجان غربی,13,444,777,618010002
2606,هنزا,21,200,1093,818020001
2607,هنگام,17,329,842,720020003
2608,هنگام,29,323,399,2204010004
2609,هودیان,16,189,800,1112010003
2610,هوره,9,234,309,1408020001
2611,هولاسو,2,271,667,411010003
2612,هولی,22,107,902,503020003
2613,هویزه جنوبی,13,446,778,623020002
2614,هویزه شمالی,13,446,778,623020001
2615,هیت,16,325,809,1118010003
2616,هیچان,16,433,813,1107050004
2617,هیدوچ,16,263,1094,1114020001
2618,هیر,3,20,1095,2401040003
2619,هیو,5,235,620,3002010002
2620,یاتری,15,6,787,2006010001
2621,یافت,3,395,580,2404040003
2622,یالغوزآغاج,20,321,350,1205030003
2623,یام,11,173,1025,938020002
2624,یزدان آباد,21,227,1098,805030002
2625,یکانات,1,391,1096,307030002
2626,ینقاق,24,358,923,2714010001
2627,ینگجه,1,5,222,321030004
2628,یورتچی شرقی,3,431,505,2409020002
2629,یورتچی غربی,3,431,594,2409010003
2630,یوسف وند,26,253,953,1509020004
2631,یولاگلدی,2,278,668,417020002
2632,یونسی,11,64,1099,931020001
2633,ییلاق,4,86,599,1024010003
2634,ییلاق,1,343,647,315020005
2635,ییلاق جنوبی,20,195,90,1210020001
2636,ییلاق شمالی,20,195,862,1210010001
2637,ییلاقی ارده,25,213,128,114010002
