id,name,shahr_type,ostan,shahrestan,bakhsh,amar_code
1,آب بر,0,14,288,785,1908022262
2,آب پخش,0,7,185,1,1803062308
3,آباد,0,7,124,674,1802022816
4,آبادان,0,13,1,757,601021270
5,آبادان 1,2,13,1,757,601021687
6,آبادان 2,2,13,1,757,601021688
7,آبادان 3,2,13,1,757,601022855
8,آباده,0,17,2,821,701041296
9,آباده طشک,0,17,66,822,735012199
10,آبدان,0,7,197,2,1805032484
11,آبدانان,0,6,3,627,1606021501
12,آبژدان,0,13,45,3,621012799
13,آبسرد,0,8,191,687,2302022269
14,آبش احمد,0,1,343,4,315032545
15,آبعلی,0,8,191,298,2302032629
16,آبگرم,0,18,15,5,2606022517
17,آبی بیگلو,0,3,425,1087,2408012493
18,آبیز,0,10,232,380,2909032898
19,آبیک,0,18,4,854,2604021535
20,آجین,0,30,29,134,1306022758
21,آذرشهر,0,1,5,222,321031201
22,آرادان,0,15,6,787,2006011549
23,آراللو,0,3,20,1095,2401042949
24,آران وبیدگل,0,4,7,597,1018021423
25,آرمرده,0,20,62,6,1201012457
26,آرین شهر,0,10,318,334,2904052645
27,آزادشهر,0,24,8,915,2710021182
28,آزادی,0,13,46,754,602022801
29,آسارا,0,5,336,7,3001032070
30,آستارا,0,25,9,930,101011117
31,آستانه,0,28,269,985,7011112
32,آستانه اشرفیه,0,25,10,931,102021119
33,آسمان آباد,0,6,146,629,1604022617
34,آشار,0,16,408,10,1113022893
35,آشتیان,0,28,11,978,2011103
36,آشخانه,0,12,384,751,2806031352
37,آغاجاری,0,13,12,758,626011278
38,آق قلا,0,24,13,916,2708021180
39,آقکند,0,1,413,471,310022401
40,آلاشت,0,27,260,964,208021170
41,آلونی,0,9,153,699,1410012473
42,آمل,0,27,14,955,201021149
43,آوا,0,12,384,357,2806012848
44,آواجیق,0,2,141,260,414012549
45,آوج,0,18,15,855,2606011536
46,آوه,0,28,236,984,6032827
47,آیسک,0,10,241,13,2906012346
48,ابرکوه,0,31,16,1012,2107021293
49,ابریشم,0,4,310,611,1008022252
50,ابوحمیظه,0,13,184,766,609022796
51,ابوزیدآباد,0,4,7,518,1018012279
52,ابوموسی,0,29,17,989,2201021563
53,ابهر,0,14,18,779,1901031528
54,اچاچی,0,1,413,651,310042842
55,احمد آباد مستوفی,0,8,33,15,2310032770
56,احمدآباد,0,31,22,1013,2101022265
57,احمدابادصولت,0,11,116,103,906042067
58,احمدسرگوراب,0,25,274,17,112012387
59,اختیارآباد,0,21,338,887,808052428
60,ادیمی,0,16,434,814,1115012353
61,اراک,0,28,19,977,1021101
62,اراک 1,2,28,19,977,1021678
63,اراک 2,2,28,19,977,1021679
64,اراک 3,2,28,19,977,1021680
65,اراک 4,2,28,19,977,1022858
66,اراک 5,2,28,19,977,1022859
67,اربطان,0,1,439,245,316012935
68,ارجمند,0,8,315,19,2314012634
69,ارد,0,17,361,20,727022903
70,ارداق,0,18,91,259,2601062577
71,اردبیل,0,3,20,584,2401011195
72,اردبیل 1,2,3,20,584,2401011662
73,اردبیل 2,2,3,20,584,2401011663
74,اردبیل 3,2,3,20,584,2401012575
75,اردبیل 4,2,3,20,584,2401012852
76,اردبیل 5,2,3,20,584,2401012873
77,اردستان,0,4,21,595,1001011395
78,اردکان,0,17,238,835,706021304
79,اردکان,0,31,22,1013,2101021551
80,اردل,0,9,23,696,1405011476
81,اردیموسی,0,3,249,332,2410022881
82,ارزوییه,0,21,24,870,823012315
83,ارسک,0,10,76,23,2908022726
84,ارسنجان,0,17,25,817,717011321
85,ارطه,0,27,317,969,210022747
86,ارکواز,0,6,400,633,1608011508
87,ارمغانخانه,0,14,230,451,1904062038
88,ارومیه,0,2,26,656,401041235
89,ارومیه  5,2,2,26,656,401042853
90,ارومیه 1,2,2,26,656,401042528
91,ارومیه 2,2,2,26,656,401042529
92,ارومیه 3,2,2,26,656,401042530
93,ارومیه 4,2,2,26,656,401042531
94,اروندکنار,0,13,1,27,601011269
95,ازگله,0,22,128,28,512022593
96,ازنا,0,26,27,945,1507021488
97,ازندریان,0,30,398,183,1302012253
98,اژیه,0,4,37,168,1002062248
99,اسالم,0,25,291,29,104052382
100,اسپکه,0,16,433,560,1107042506
101,استهبان,0,17,28,818,702021298
102,اسدآباد,0,30,29,1002,1306011469
103,اسدیه,0,10,181,709,2902032276
104,اسفدن,0,10,318,713,2904022643
105,اسفراین,0,12,30,744,2801021349
106,اسفرورین,0,18,113,30,2602012114
107,اسکو,0,1,31,636,322021204
108,اسلام آبادغرب,0,22,32,901,501031256
109,اسلام اباد,0,3,103,32,2406042750
110,اسلام شهر آق گل,0,30,398,1009,1302032871
111,اسلام شهر1,2,8,33,683,2310022289
112,اسلام شهر2,2,8,33,683,2310022290
113,اسلام شهر3,2,8,33,683,2310022560
114,اسلامشهر,0,8,33,683,2310021581
115,اسلامیه,0,10,303,33,2907031372
116,اسماعیل آباد,0,16,152,798,1103012979
117,اسیر,0,17,406,36,721042708
118,اشترینان,0,26,71,37,1502011490
119,اشتهارد,0,5,34,619,3005011584
120,اشکذر,0,31,35,1014,2108021560
121,اشکنان,0,17,375,38,715032212
122,اشنویه,0,2,36,657,413011252
123,اصغرآباد,0,4,166,602,1003012755
124,اصفهان,0,4,37,596,1002031406
125,اصفهان 1,2,4,37,596,1002031633
126,اصفهان 10,2,4,37,596,1002031642
127,اصفهان 11,2,4,37,596,1002032554
128,اصفهان 12,2,4,37,596,1002032001
129,اصفهان 13,2,4,37,596,1002032002
130,اصفهان 14,2,4,37,596,1002032089
131,اصفهان 15,2,4,37,596,1002031407
132,اصفهان 2,2,4,37,596,1002031634
133,اصفهان 3,2,4,37,596,1002031635
134,اصفهان 4,2,4,37,596,1002031636
135,اصفهان 5,2,4,37,596,1002031637
136,اصفهان 6,2,4,37,596,1002031638
137,اصفهان 7,2,4,37,596,1002031639
138,اصفهان 8,2,4,37,596,1002031640
139,اصفهان 9,2,4,37,596,1002031641
140,اصلاندوز,0,3,38,585,2411012166
141,اطاقور,0,25,380,39,110022385
142,افزر,0,17,329,40,720012653
143,افوس,0,4,86,599,1024012250
144,اقبالیه,0,18,322,858,2603052125
145,اقلید,0,17,39,819,703021299
146,الشتر,0,26,253,953,1509021493
147,النی,0,3,395,592,2404022948
148,الوان,0,13,276,384,614012314
149,الوند,0,18,40,853,2605021539
150,الهایی,0,13,49,755,603022791
151,الیگودرز,0,26,41,946,1501031489
152,امام حسن,0,7,198,44,1808012370
153,امام شهر,0,17,329,842,720022011
154,امامزاده عبدالله,0,27,14,46,201042772
155,املش,0,25,42,929,113021134
156,امیدیه,0,13,43,752,616022111
157,امیرکلا,0,27,55,956,202021153
158,امیریه,0,15,177,47,2001012263
159,امین شهر,0,21,44,49,820012318
160,انابد,0,11,69,48,923012440
161,انار,0,21,44,49,820011334
162,انارستان,0,7,133,301,1809012087
163,انارک,0,4,418,50,1013011433
164,انبارآلوم,0,24,13,1084,2708012509
165,اندوهجرد,0,21,338,400,808022603
166,اندیشه,0,8,282,690,2309022633
167,اندیمشک,0,13,46,754,602021271
168,اورامان تخت,0,20,250,54,1209012752
169,اوز,0,17,47,820,736011316
170,اهر,0,1,48,637,302021200
171,اهرم,0,7,124,674,1802021518
172,اهل,0,17,375,38,715032235
173,اهواز,0,13,49,755,603021272
174,اهواز1,2,13,49,755,603021625
175,اهواز2,2,13,49,755,603021626
176,اهواز3,2,13,49,755,603021684
177,اهواز4,2,13,49,755,603021685
178,اهواز5,2,13,49,755,603021686
179,اهواز6,2,13,49,755,603022668
180,اهواز7,2,13,49,755,603022669
181,اهواز8,2,13,49,755,603022670
182,ایج,0,17,28,818,702022552
183,ایذه,0,13,51,756,604031274
184,ایرانشهر,0,16,52,794,1101051443
185,ایزدخواست,0,17,2,821,701042335
186,ایزدشهر,0,27,426,975,214032648
187,ایلام,0,6,53,625,1601031500
188,ایلخچی,0,1,31,57,322011205
189,ایمانشهر,0,4,310,611,1008022445
190,اینچه برون,0,24,371,250,2706022496
191,ایوان,0,6,54,626,1607021498
192,ایوانکی,0,15,363,58,2004011548
193,ایواوغلی,0,2,174,59,403042405
194,ایور,0,12,364,750,2807012053
195,باب انار,0,17,161,829,734012234
196,باباحیدر,0,9,297,60,1403032124
197,بابارشانی,0,20,98,204,1202012460
198,بابامنیر,0,17,401,575,713022781
199,بابکان,0,27,14,257,201052875
200,بابل,0,27,55,956,202021154
201,بابل 1,2,27,55,956,202022743
202,بابل 2,2,27,55,956,202022744
203,بابلسر,0,27,56,957,216021151
204,باجگیران,0,11,328,62,913011376
205,باخرز,0,11,57,715,937012134
206,بادرود,0,4,421,45,1015021441
207,بادوله,0,7,186,473,1804012818
208,بار,0,11,432,743,917042041
209,باروق,0,2,411,63,408052592
210,بازار جمعه,0,25,382,382,116012510
211,بازرگان,0,2,383,64,406052231
212,بازفت,0,9,353,65,1406012841
213,باسمنج,0,1,115,640,303031213
214,باشت,0,23,58,892,1707012130
215,باغ بهادران,0,4,378,67,1012011429
216,باغ ملک,0,13,59,759,615021273
217,باغستان,0,8,282,690,2309022632
218,باغشاد,0,4,378,614,1012032788
219,باغین,0,21,338,887,808052239
220,بافت,0,21,60,871,801031328
221,بافران,0,4,418,616,1013032078
222,بافق,0,31,61,1015,2102021554
223,باقرشهر,0,8,221,519,2303032270
224,بالاده,0,17,331,163,710012423
225,بالاشهر,0,29,216,167,2207032911
226,بانوره,0,22,107,76,503012761
227,بانه,0,20,62,860,1201021454
228,بایک,0,11,117,75,905012341
229,باینگان,0,22,107,76,503012103
230,بجستان,0,11,64,716,931011382
231,بجنورد,0,12,65,745,2802041353
232,بجنورد1,2,12,65,745,2802042699
233,بجنورد2,2,12,65,745,2802042700
234,بخ,0,31,119,525,2103042976
235,بخشایش,0,1,439,652,316022230
236,بدره,0,6,67,628,1610011502
237,برازجان,0,7,185,676,1803031520
238,بردخون,0,7,197,80,1805012483
239,بردستان,0,7,197,678,1805022737
240,بردسکن,0,11,69,717,923021379
241,بردسیر,0,21,70,872,810011348
242,برده رشه,0,20,393,227,1206012753
243,برزک,0,4,332,82,1010052542
244,برزول,0,30,428,314,1303032659
245,برف انبار,0,4,306,610,1007012569
246,بروات,0,21,77,83,802071331
247,بروجرد,0,26,71,947,1502021492
248,بروجرد1,2,26,71,947,1502022688
249,بروجرد2,2,26,71,947,1502022689
250,بروجن,0,9,72,697,1401031478
251,بره سر,0,25,217,247,106042383
252,بزمان,0,16,52,84,1101012450
253,بزنجان,0,21,60,871,801032200
254,بستان,0,13,184,86,609011283
255,بستان آباد,0,1,73,638,313021207
256,بستک,0,29,74,990,2209021568
257,بسطام,0,15,270,87,2003011545
258,بشرویه,0,10,76,706,2908011370
259,بفروییه,0,31,414,89,2106032024
260,بلاوه,0,6,146,306,1604052851
261,بلبان آباد,0,20,195,90,1210022042
262,بلداجی,0,9,72,91,1401041477
263,بلده,0,27,426,92,214012396
264,بلورد,0,21,264,93,806052825
265,بلوک,0,21,138,34,803052769
266,بم,0,21,77,873,802031330
267,بمپور,0,16,78,795,1120012172
268,بن,0,9,79,698,1409011480
269,بناب,0,1,80,639,312011221
270,بناب مرند,0,1,391,649,307022589
271,بنارویه,0,17,373,97,711072182
272,بنت,0,16,433,98,1107012456
273,بنجار,0,16,223,802,1104042453
274,بندرامام خمینی,0,13,85,101,605011275
275,بندرانزلی,0,25,81,932,103011120
276,بندرانزلی 1,2,25,81,932,103012538
277,بندرانزلی 2,2,25,81,932,103012539
278,بندرترکمن,0,24,118,918,2702021156
279,بندرجاسک,0,29,130,995,2206021565
280,بندردیر,0,7,197,678,1805021522
281,بندردیلم,0,7,198,679,1808021524
282,بندرریگ,0,7,370,302,1807021525
283,بندرعباس,0,29,82,992,2202041567
284,بندرعباس 1,2,29,82,992,2202041697
285,بندرعباس 2,2,29,82,992,2202041698
286,بندرعباس 3,2,29,82,992,2202042091
287,بندرکنگان,0,7,346,681,1806021523
288,بندرگز,0,24,83,917,2701011178
289,بندرگناوه,0,7,370,682,1807031526
290,بندرلنگه,0,29,84,993,2203051571
291,بندرماهشهر,0,13,85,761,605021276
292,بندزرک,0,29,416,102,2205052910
293,بنک,0,7,346,681,1806022620
294,بوانات,0,17,87,823,716021295
295,بوستان,0,23,58,105,1707022917
296,بوشکان,0,7,185,106,1803052817
297,بوشهر,0,7,88,673,1801021517
298,بوشهر1,2,7,88,673,1801022692
299,بوشهر2,2,7,88,673,1801022693
300,بوکان,0,2,89,658,410021247
301,بومهن,0,8,108,107,2320012268
302,بویین زهرا,0,18,91,856,2601041537
303,بویین سفلی,0,20,62,1069,1201042459
304,بویین ومیاندشت,0,4,86,599,1024011416
305,بهاباد,0,31,92,1016,2111021553
306,بهار,0,30,93,1003,1307021471
307,بهاران شهر,0,4,310,133,1008012444
308,بهارستان,0,4,37,596,1002032611
309,بهارستان,0,7,133,675,1809022933
310,بهبهان,0,13,95,762,606031279
311,بهرمان,0,21,214,1075,804042427
312,بهشهر,0,27,96,958,204021158
313,بهمن,0,17,2,110,701052198
314,بهنمیر,0,27,56,112,216032393
315,بیارجمند,0,15,270,113,2003022161
316,بیجار,0,20,98,861,1202031455
317,بیدخت,0,11,369,740,915021383
318,بیدخون,0,7,294,680,1810012932
319,بیدروبه,0,13,46,42,602012803
320,بیدستان,0,18,40,578,2605012578
321,بیده,0,4,257,123,1005032923
322,بیران شهر,0,26,157,115,1503032475
323,بیرجند,0,10,99,707,2901041355
324,بیرجند1,2,10,99,707,2901042701
325,بیرجند2,2,10,99,707,2901042702
326,بیرم,0,17,373,116,711052219
327,بیستون,0,22,438,117,511012233
328,بیضا,0,17,100,824,731012503
329,بیکاء,0,29,216,118,2207042006
330,بیله سوار,0,3,101,586,2402011230
331,پاتاوه,0,23,192,121,1704012084
332,پارس آباد,0,3,103,587,2406011231
333,پارسیان,0,29,104,994,2211021569
334,پارود,0,16,202,124,1108052890
335,پاریز,0,21,264,125,806022561
336,پاکدشت,0,8,106,684,2313022120
337,پاوه,0,22,107,902,503021261
338,پایین هولار,0,27,233,497,207052746
339,پردنجان,0,9,297,185,1403042730
340,پردیس,0,8,108,107,2320012628
341,پرند,0,8,208,688,2312022826
342,پرندک,0,28,228,983,10022228
343,پره سر,0,25,213,128,114011121
344,پل,0,29,164,997,2210022939
345,پل سفید,0,27,260,964,208021171
346,پلان,0,16,143,131,1102042894
347,پلدختر,0,26,109,948,1508011497
348,پلدشت,0,2,110,659,415021243
349,پلنگ آباد,0,5,34,132,3005022981
350,پول,0,27,427,478,215022713
351,پهله,0,6,196,313,1603012127
352,پیرانشهر,0,2,111,660,402011236
353,پیربکران,0,4,310,133,1008012215
354,پیرتاج,0,20,98,204,1202012785
355,پیش قلعه,0,12,384,573,2806022568
356,پیشوا,0,8,112,685,2318011592
357,پیشین,0,16,202,137,1108012501
358,تاتارعلیا,0,24,206,919,2711022765
359,تازه آباد,0,22,128,903,512012185
360,تازه شهر,0,2,255,666,405011241
361,تازه کندانگوت,0,3,365,52,2405012492
362,تازه کندنصرت آباد,0,2,122,141,412022926
363,تازیان پایین,0,29,82,992,2202042812
364,تاکستان,0,18,113,857,2602041532
365,تایباد,0,11,114,718,904021357
366,تبریز,0,1,115,640,303031214
367,تبریز 10,2,1,115,640,303032072
368,تبریز 9,2,1,115,640,303032071
369,تبریز1-,2,1,115,640,303031621
370,تبریز2-,2,1,115,640,303031622
371,تبریز3-,2,1,115,640,303031623
372,تبریز4-,2,1,115,640,303031624
373,تبریز5,2,1,115,640,303031651
374,تبریز6,2,1,115,640,303031652
375,تبریز7,2,1,115,640,303031653
376,تبریز8,2,1,115,640,303032521
377,تجریش,0,8,275,290,2304012117
378,تخت,0,29,82,140,2202052088
379,تربت جام,0,11,116,719,906021363
380,تربت حیدریه,0,11,117,720,905061361
381,ترک,0,1,413,502,310032402
382,ترکالکی,0,13,359,427,620012007
383,ترکمانچای,0,1,413,142,310012144
384,تسوج,0,1,273,143,314031208
385,تشان,0,13,95,144,606042798
386,تفت,0,31,119,1017,2103021555
387,تفرش,0,28,121,979,3021104
388,تکاب,0,2,122,661,412011249
389,تلخاب,0,28,302,244,13022941
390,تنکابن,0,27,123,959,205021161
391,تنکمان,0,5,422,147,3003022025
392,تنگ ارم,0,7,185,25,1803042618
393,توپ آغاج,0,20,98,861,1202032784
394,توتکابن,0,25,217,281,106012229
395,توحید,0,6,442,635,1611012574
396,تودشک,0,4,37,510,1002022513
397,توره,0,28,269,307,7032582
398,تویسرکان,0,30,125,1004,1301021464
399,تهران,0,8,126,686,2301021576
400,تهران 1,2,8,126,686,2301021601
401,تهران 10,2,8,126,686,2301021610
402,تهران 11,2,8,126,686,2301021611
403,تهران 12,2,8,126,686,2301021612
404,تهران 13,2,8,126,686,2301021613
405,تهران 14,2,8,126,686,2301021614
406,تهران 15,2,8,126,686,2301021615
407,تهران 16,2,8,126,686,2301021616
408,تهران 17,2,8,126,686,2301021617
409,تهران 18,2,8,126,686,2301021618
410,تهران 19,2,8,126,686,2301021619
411,تهران 2,2,8,126,686,2301021602
412,تهران 20,2,8,126,686,2301021620
413,تهران 21,2,8,126,686,2301022225
414,تهران 22,2,8,126,686,2301022226
415,تهران 3,2,8,126,686,2301021603
416,تهران 4,2,8,126,686,2301021604
417,تهران 5,2,8,126,686,2301021605
418,تهران 6,2,8,126,686,2301021606
419,تهران 7,2,8,126,686,2301021607
420,تهران 8,2,8,126,686,2301021608
421,تهران 9,2,8,126,686,2301021609
422,تیتکانلو,0,12,298,230,2805012079
423,تیران,0,4,127,600,1019021436
424,تیرور,0,29,416,1001,2205032814
425,تیکمه داش,0,1,73,150,313012295
426,تیمورلو,0,1,5,548,321012763
427,ثمرین,0,3,20,152,2401062882
428,جاجرم,0,12,129,746,2803031350
429,جالق,0,16,240,156,1106012191
430,جاورسیان,0,28,168,452,12012073
431,جایزان,0,13,43,157,616012420
432,جبالبارز,0,21,138,158,803022237
433,جزینک,0,16,231,165,1110012978
434,جعفرآباد,0,3,101,455,2402022209
435,جعفراباد,0,6,53,376,1601042974
436,جعفریه,0,19,327,166,2501012274
437,جغتای,0,11,131,721,934011596
438,جلفا,0,1,132,641,319021225
439,جلین,0,24,362,924,2705022018
440,جم,0,7,133,675,1809022259
441,جناح,0,29,74,176,2209012625
442,جنت شهر,0,17,175,177,705052179
443,جنت مکان,0,13,359,773,620022716
444,جندق,0,4,171,604,1023012203
445,جنگل,0,11,212,179,927012606
446,جوادآباد,0,8,435,180,2306022168
447,جوادیه الهیه,0,21,214,1075,804042954
448,جوان قلعه,0,1,293,459,325012843
449,جوانرود,0,22,134,904,509031260
450,جوپار,0,21,338,574,808041343
451,جورقان,0,30,443,1011,1304072254
452,جوزدان,0,4,419,617,1014022045
453,جوزم,0,21,279,267,807022031
454,جوشقان قالی,0,4,332,465,1010022447
455,جوکار,0,30,398,183,1302012468
456,جولکی,0,13,12,184,626022920
457,جونقان,0,9,297,185,1403041485
458,جویبار,0,27,135,960,221021175
459,جویم,0,17,373,186,711022183
460,جهرم,0,17,137,826,704041301
461,جیرفت,0,21,138,874,803041332
462,جیرنده,0,25,217,429,106022138
463,چابکسر,0,25,219,187,107041135
464,چاپشلو,0,11,179,188,907012202
465,چادگان,0,4,139,601,1020021415
466,چارک,0,29,84,405,2203022266
467,چاف و چمخاله,0,25,380,943,110012076
468,چالانچولان,0,26,193,372,1505012363
469,چالوس,0,27,142,961,220021190
470,چاه بهار,0,16,143,797,1102021446
471,چاه دادخدا,0,21,326,190,816012908
472,چاه مبارک,0,7,294,191,1810022878
473,چاه ورز,0,17,375,193,715052906
474,چترود,0,21,338,194,808071345
475,چخماق,0,11,224,356,935022950
476,چرام,0,23,145,895,1706011513
477,چرمهین,0,4,378,67,1012012121
478,چشمه شیرین,0,6,67,1092,1610022909
479,چغادک,0,7,88,196,1801032481
480,چغامیش,0,13,183,197,608032717
481,چقابل,0,26,220,952,1511022256
482,چکنه,0,11,432,349,917032564
483,چگرد,0,16,189,169,1112022914
484,چلگرد,0,9,353,703,1406022360
485,چلیچه,0,9,297,185,1403042806
486,چم پلک,0,26,147,388,1510022973
487,چم گلک,0,13,46,754,602022802
488,چمران,0,13,85,761,605022311
489,چمستان,0,27,426,201,214022119
490,چمگردان,0,4,378,614,1012031430
491,چمن سلطان,0,26,41,78,1501062876
492,چناران,0,11,148,723,918021386
493,چناران شهر,0,12,65,745,2802042847
494,چناره,0,20,393,347,1206022464
495,چوار,0,6,53,205,1601021499
496,چوبر,0,25,291,223,104062585
497,چورزق,0,14,288,206,1908012486
498,چویبده,0,13,1,757,601022010
499,چهارباغ,0,5,235,207,3002042631
500,چهاربرج,0,2,411,581,408042232
501,چهاردانگه,0,8,33,209,2310012489
502,چیتاب,0,23,90,477,1701052083
503,حاجی آباد,0,10,232,710,2909012347
504,حاجی آباد,0,17,229,834,719021302
505,حاجی اباد,0,29,149,996,2208021566
506,حاجیلار,0,2,144,212,416012879
507,حبیب آباد,0,4,68,213,1022011397
508,حر,0,13,276,770,614022649
509,حسامی,0,17,245,836,732012095
510,حسن آباد,0,8,221,440,2303022167
511,حسن اباد,0,4,37,161,1002042187
512,حسن اباد,0,17,39,216,703032082
513,حسین آباد,0,20,259,217,1204052895
514,حسینیه,0,13,46,42,602012595
515,حصارگرمخان,0,12,65,532,2802052431
516,حکم اباد,0,11,136,425,936022889
517,حلب,0,14,50,218,1906012485
518,حمزه,0,13,183,345,608012035
519,حمیدیا,0,31,448,1021,2105032163
520,حمیدیه,0,13,150,763,625012105
521,حمیل,0,22,32,219,501012411
522,حنا,0,4,257,606,1005022249
523,حویق,0,25,291,223,104062584
524,خاتون اباد,0,21,279,882,807012086
525,خارک,0,7,88,224,1801011516
526,خاروانا,0,1,436,225,324012398
527,خاش,0,16,152,798,1103011449
528,خاکعلی,0,18,4,88,2604012637
529,خالدآباد,0,4,421,45,1015022612
530,خامنه,0,1,273,645,314021209
531,خان ببین,0,24,206,442,2711011183
532,خانوک,0,21,227,880,805022201
533,خانه زنیان,0,17,283,21,707062057
534,خانیمن,0,17,392,476,712072776
535,خاوران,0,17,161,278,734021300
536,خداجو(خراجو),0,1,389,338,306032331
537,خرامه,0,17,156,827,729021308
538,خرم آباد,0,26,157,949,1503061496
539,خرم آباد,0,27,123,233,205041162
540,خرم آباد1,2,26,157,949,1503062685
541,خرم آباد2,2,26,157,949,1503062686
542,خرم آباد3,2,26,157,949,1503062687
543,خرمدره,0,14,159,782,1907011529
544,خرمدشت,0,18,113,234,2602022374
545,خرمشهر,0,13,160,764,607011280
546,خرو,0,11,432,310,917022349
547,خسروشاه,0,1,115,236,303041206
548,خشت,0,17,331,237,710062109
549,خشکبیجار,0,25,211,238,105061125
550,خشکرود,0,28,228,983,10022017
551,خضرآباد,0,31,35,239,2108012377
552,خضری دشت بیاض,0,10,318,1080,2904031374
553,خلخال,0,3,162,588,2403041219
554,خلیفان,0,2,404,241,407012734
555,خلیل آباد,0,11,163,724,929021380
556,خلیل شهر,0,27,96,958,204022647
557,خمارلو,0,1,154,643,326012332
558,خمام,0,25,211,242,105011126
559,خمیر,0,29,164,997,2210021564
560,خمین,0,28,165,980,4011105
561,خمینی شهر,0,4,166,602,1003011410
562,خنافره,0,13,268,243,611022794
563,خنج,0,17,167,830,724021317
564,خنجین,0,28,302,244,13022773
565,خنداب,0,28,168,981,12022304
566,خواجو شهر,0,21,264,540,806032823
567,خواجه,0,1,439,245,316012146
568,خواف,0,11,169,725,919021358
569,خوانسار,0,4,170,603,1004011413
570,خور,0,4,171,604,1023011434
571,خور,0,17,373,847,711042553
572,خورزوق,0,4,68,598,1022021398
573,خورسند,0,21,279,882,807012030
574,خورموج,0,7,186,677,1804021521
575,خوزی,0,17,406,1081,721032820
576,خوسف,0,10,172,708,2910012242
577,خوش رودپی,0,27,55,100,202012389
578,خوشه مهر,0,1,80,639,312012934
579,خومه زار,0,17,401,850,713032712
580,خوی,0,2,174,664,403021238
581,خیراباد,0,17,156,827,729022963
582,دابودشت,0,27,14,248,201032586
583,داراب,0,17,175,831,705031303
584,داران,0,4,305,609,1006031417
585,دارخوین,0,13,268,249,611032008
586,داریان,0,1,273,645,314022946
587,داریان,0,17,283,838,707052298
588,دالکی,0,7,185,676,1803032369
589,دامغان,0,15,177,788,2001021540
590,دامنه,0,4,305,609,1006032251
591,دانسفهان,0,18,91,276,2601022159
592,داودآباد,0,28,19,977,1022536
593,داورزن,0,11,178,727,939012244
594,دبیران,0,17,229,834,719022651
595,درب بهشت,0,21,138,329,803012339
596,درب گنبد,0,26,352,253,1506052615
597,درجزین,0,15,405,792,2005022022
598,درچه,0,4,166,602,1003011411
599,درح,0,10,243,254,2903032897
600,درق,0,12,364,750,2807012641
601,درگز,0,11,179,728,907031365
602,درگهان,0,29,323,1000,2204022627
603,درود,0,11,432,310,917021393
604,دره شهر,0,6,182,630,1602031503
605,دزج,0,20,321,211,1205042463
606,دزفول,0,13,183,765,608021282
607,دزفول  3,2,13,183,765,608022865
608,دزفول 1,2,13,183,765,608021689
609,دزفول 2,2,13,183,765,608021690
610,دژکرد,0,17,39,335,703012014
611,دستجرد,0,19,327,240,2501022515
612,دستگرد,0,4,68,598,1022021399
613,دستنا,0,9,357,704,1407012729
614,دشتک,0,9,23,696,1405012808
615,دشتکار,0,21,70,872,810012824
616,دشتی,0,29,104,994,2211022751
617,دلبران,0,20,321,262,1205052426
618,دلگشا,0,6,400,529,1608022028
619,دلند,0,24,206,919,2711022195
620,دلوار,0,7,124,263,1802012258
621,دلیجان,0,28,190,982,5011106
622,دماوند,0,8,191,687,2302021578
623,دمق,0,30,209,344,1308012357
624,دندی,0,14,385,53,1909012261
625,دوبرجی,0,17,175,444,705042081
626,دوراهک,0,7,197,678,1805022819
627,دورود,0,26,193,951,1505021491
628,دوزدوزان,0,1,239,1041,305022399
629,دوزه,0,17,137,374,704022707
630,دوزین,0,24,417,512,2707052883
631,دوساری,0,21,296,883,812012721
632,دوست محمد,0,16,447,816,1111012514
633,دوگنبدان,0,23,360,898,1703021515
634,دولت آباد,0,4,68,598,1022021400
635,دولت آباد,0,11,224,730,935012135
636,ده رییس,0,16,152,55,1103032915
637,ده سرخ,0,4,386,530,1017022937
638,ده کهان,0,21,356,888,809042956
639,دهاقان,0,4,194,605,1021011421
640,دهبارز,0,29,216,998,2207021574
641,دهج,0,21,279,267,807022238
642,دهدز,0,13,51,268,604022415
643,دهدشت,0,23,355,897,1702051514
644,دهرم,0,17,301,269,722022059
645,دهق,0,4,419,1042,1014031437
646,دهکویه,0,17,373,847,711042952
647,دهگلان,0,20,195,862,1210011460
648,دهلران,0,6,196,631,1603021505
649,دیباج,0,15,177,788,2001022264
650,دیزج دیز,0,2,174,664,403022043
651,دیزیچه,0,4,386,615,1017012189
652,دیشموک,0,23,355,271,1702062480
653,دیلمان,0,25,262,272,115012329
654,دیواندره,0,20,199,863,1207021459
655,دیهوک,0,10,290,274,2911032624
656,رابر,0,21,200,875,818011327
657,راز,0,12,201,747,2808012132
658,رازقان,0,28,228,232,10012378
659,رازمیان,0,18,322,289,2603032495
660,راسک,0,16,202,801,1108032461
661,رامجرد,0,17,392,255,712052080
662,رامسر,0,27,203,962,206011167
663,رامشیر,0,13,204,767,619011286
664,رامهرمز,0,13,205,768,610021287
665,رامیان,0,24,206,919,2711021184
666,رانکوه,0,25,42,277,113012519
667,راور,0,21,207,876,811021340
668,راین,0,21,338,279,808061329
669,رباط,0,22,339,576,502062196
670,رباط سنگ,0,11,117,170,905072434
671,رباطکریم,0,8,208,688,2312021585
672,ربط,0,2,248,665,404012547
673,رحیم آباد,0,25,219,282,107021136
674,رزن,0,30,209,1006,1308032171
675,رزوه,0,4,139,601,1020022352
676,رستاق,0,17,175,283,705022905
677,رستم آباد,0,25,217,935,106032139
678,رستمکلا,0,27,96,958,204021159
679,رشت,0,25,211,933,105051129
680,رشت 1,2,25,211,933,105051654
681,رشت 2,2,25,211,933,105051655
682,رشت 3,2,25,211,933,105051656
683,رشت 4,2,25,211,933,105052098
684,رشت 5,2,25,211,933,105052099
685,رشتخوار,0,11,212,729,927021359
686,رضوانشهر,0,4,127,600,1019022573
687,رضوانشهر,0,25,213,934,114021122
688,رضویه,0,11,396,284,916062436
689,رضی,0,3,395,24,2404012300
690,رفسنجان,0,21,214,877,804021335
691,رفیع,0,13,446,1079,623012313
692,رمشک,0,21,326,190,816012957
693,روانسر,0,22,215,906,514022102
694,رود زرد ماشین,0,13,205,297,610032929
695,روداب,0,11,237,286,908052245
696,رودبار,0,21,218,878,815022325
697,رودبار,0,25,217,935,106031132
698,رودبنه,0,25,376,292,111042386
699,رودسر,0,25,219,936,107031137
700,رودهن,0,8,191,298,2302031579
701,رودیان,0,15,270,790,2003032775
702,رونیز,0,17,28,299,702012177
703,رویان,0,27,426,975,214031193
704,رویدر,0,29,164,300,2210012005
705,ری,0,8,221,689,2303042115
706,ریجاب,0,22,176,905,513022760
707,ریحان,0,21,227,880,805022600
708,ریز,0,7,133,301,1809012662
709,ریگ ملک,0,16,415,303,1117032912
710,رینه,0,27,14,559,201011148
711,ریواده,0,11,131,1090,934022901
712,ریوش,0,11,354,739,941012348
713,زابل,0,16,223,802,1104041450
714,زارچ,0,31,448,304,2105041561
715,زازران,0,4,310,467,1008032789
716,زاغه,0,26,157,305,1503052361
717,زاووت,0,13,45,199,621022928
718,زاویه,0,28,228,983,10021108
719,زاهدان,0,16,225,803,1105011451
720,زاهدان 1,2,16,225,803,1105011681
721,زاهدان 2,2,16,225,803,1105011682
722,زاهدان 3,2,16,225,803,1105011683
723,زاهدان 4,2,16,225,803,1105012862
724,زاهدان 5,2,16,225,803,1105012863
725,زاهدشهر,0,17,309,404,708022107
726,زاینده رود,0,4,378,614,1012032504
727,زرآباد,0,2,174,413,403032735
728,زرآباد,0,16,345,311,1109012739
729,زرقان,0,17,226,833,730011305
730,زرگرمحله,0,27,55,562,202052392
731,زرند,0,21,227,880,805021337
732,زرنق,0,1,439,652,316022147
733,زرنه,0,6,54,312,1607012476
734,زرین آباد,0,14,50,780,1906022327
735,زرین رود,0,14,155,85,1903022376
736,زرین شهر,0,4,378,614,1012031431
737,زرینه,0,20,199,484,1207012465
738,زنجان,0,14,230,783,1904051534
739,زنجان 1,2,14,230,783,1904051664
740,زنجان 2,2,14,230,783,1904051665
741,زنجان 3,2,14,230,783,1904052384
742,زنجان 4,2,14,230,783,1904052958
743,زنگنه,0,30,398,318,1302042658
744,زنگی آباد,0,21,338,887,808052323
745,زنگی اباد,0,17,392,849,712042961
746,زنوز,0,1,391,649,307021227
747,زواره,0,4,21,320,1001021396
748,زهان,0,10,232,321,2909022644
749,زهرا,0,3,365,1036,2405052880
750,زهره,0,13,444,200,618022650
751,زهک,0,16,231,804,1110022173
752,زهکلوت,0,21,218,155,815012821
753,زیار,0,4,37,596,1002032830
754,زیارت,0,12,284,748,2804022845
755,زیارتعلی,0,29,216,295,2207012663
756,زیباشهر,0,4,386,530,1017022572
757,زیدآباد,0,21,264,322,806042320
758,زیرآب,0,27,260,324,208031172
759,ساربوک,0,16,325,328,1118022892
760,ساروق,0,28,19,330,1032074
761,ساری,0,27,233,963,207031169
762,ساری 1,2,27,233,963,207032740
763,ساری 2,2,27,233,963,207032741
764,ساری 3,2,27,233,963,207032742
765,سالند,0,13,183,345,608012416
766,سامان,0,9,234,700,1408011481
767,سامن,0,30,398,331,1302021466
768,ساوه,0,28,236,984,6031110
769,ساوه 1,2,28,236,984,6032860
770,ساوه 2,2,28,236,984,6032861
771,سبزوار,0,11,237,731,908071367
772,سبزوار1,2,11,237,731,908072677
773,سبزوار2,2,11,237,731,908072678
774,سپیددشت,0,26,157,120,1503022474
775,سجاس,0,14,155,333,1903042371
776,سجزی,0,4,37,510,1002022350
777,سده,0,17,39,335,703012297
778,سده لنجان,0,4,378,614,1012031432
779,سراب,0,1,239,644,305011220
780,سراب باغ,0,6,3,336,1606032056
781,سراب دوره,0,26,147,198,1510012255
782,سرابله,0,6,146,629,1604021507
783,سراوان,0,16,240,805,1106041453
784,سرایان,0,10,241,13,2906011371
785,سرباز,0,16,242,806,1123012499
786,سربیشه,0,10,243,711,2903011354
787,سرپل ذهاب,0,22,244,907,504011264
788,سرجنگل,0,16,225,506,1105042891
789,سرخرود,0,27,388,341,218012395
790,سرخس,0,11,246,732,920021387
791,سرخنکلاته,0,24,362,108,2705032508
792,سرخون,0,9,23,1047,1405022809
793,سرخه,0,15,247,342,2008011541
794,سرداران,0,13,277,771,612022792
795,سردرود,0,1,115,640,303031215
796,سردشت,0,2,248,665,404011240
797,سردشت,0,9,377,296,1404052840
798,سردشت,0,13,95,323,606022500
799,سردشت,0,29,75,991,2213012061
800,سرعین,0,3,249,589,2410011196
801,سرفاریاب,0,23,145,348,1706022828
802,سرکان,0,30,125,1004,1301021465
803,سرگز,0,29,149,18,2208032092
804,سرمست,0,22,372,547,508022413
805,سرو,0,2,26,416,401032404
806,سروآباد,0,20,250,864,1209022205
807,سروستان,0,17,251,837,725021306
808,سریش آباد,0,20,321,350,1205031461
809,سطر,0,22,258,496,505022594
810,سعادت شهر,0,17,105,825,723011322
811,سعد آباد,0,7,185,351,1803011519
812,سفیددشت,0,9,72,697,1401032306
813,سفیدسنگ,0,11,308,464,922012608
814,سفیدشهر,0,4,7,597,1018022543
815,سقز,0,20,252,865,1203021456
816,سگزآباد,0,18,91,856,2601042638
817,سلامی,0,11,169,352,919042605
818,سلطان آباد,0,11,173,726,938012343
819,سلطان آباد,0,13,205,353,610042921
820,سلطان شهر,0,17,156,481,729012782
821,سلطانیه,0,14,254,784,1910011527
822,سلفچگان,0,19,327,354,2501052027
823,سلماس,0,2,255,666,405011242
824,سلمان شهر,0,27,292,355,224021163
825,سماله,0,13,359,427,620012715
826,سمنان,0,15,256,789,2002011542
827,سمیرم,0,4,257,606,1005021414
828,سمیع آباد,0,11,116,127,906052888
829,سنته,0,20,252,43,1203042924
830,سنخواست,0,12,129,172,2803012432
831,سندرک,0,29,416,358,2205022064
832,سنقر,0,22,258,908,505011265
833,سنگان,0,11,169,359,919012213
834,سنگدوین,0,24,295,920,2703012837
835,سنگر,0,25,211,360,105021130
836,سنندج,0,20,259,866,1204031458
837,سنندج 1,2,20,259,866,1204031672
838,سنندج 2,2,20,259,866,1204031673
839,سنندج 3,2,20,259,866,1204031674
840,سودجان,0,9,281,558,1402052614
841,سوران,0,16,263,807,1114012174
842,سورشجان,0,9,281,558,1402052113
843,سورک,0,27,412,973,225012305
844,سورمق,0,17,2,821,701042597
845,سوری,0,26,220,362,1511012972
846,سوزا,0,29,323,399,2204012487
847,سوسنگرد,0,13,184,766,609021284
848,سوق,0,23,355,364,1702072156
849,سومار,0,22,324,365,506012197
850,سه قلعه,0,10,241,367,2906022563
851,سهرورد,0,14,155,781,1903032039
852,سهند,0,1,31,636,322022033
853,سی سخت,0,23,192,896,1704031511
854,سیاه منصور,0,13,183,765,608022800
855,سیاهکل,0,25,262,937,115021146
856,سیجوال,0,24,118,368,2702032975
857,سیدان,0,17,392,369,712062336
858,سیراف,0,7,346,681,1806022661
859,سیرجان,0,21,264,881,806011338
860,سیرجان 1,2,21,264,881,806012675
861,سیرجان 2,2,21,264,881,806012676
862,سیردان,0,18,322,419,2603042667
863,سیرکان,0,16,240,94,1106052455
864,سیریز,0,21,227,1098,805032955
865,سیریک,0,29,266,999,2212022267
866,سیس,0,1,273,645,314022148
867,سیلوانه,0,2,26,373,401022403
868,سیمین شهر,0,24,368,537,2713022580
869,سیمینه,0,2,89,375,410012548
870,سین,0,4,68,598,1022022756
871,سیه چشمه,0,2,141,662,414021245
872,سیه رود,0,1,132,377,319012497
873,شاپورآباد,0,4,68,213,1022012094
874,شادگان,0,13,268,769,611011288
875,شادمهر,0,11,403,378,930012069
876,شازند,0,28,269,985,7011113
877,شال,0,18,91,381,2601031538
878,شاندیز,0,11,102,383,932021388
879,شاوور,0,13,276,384,614012037
880,شاهپوراباد,0,26,41,79,1501052877
881,شاهدشهر,0,8,282,690,2309022303
882,شاهدیه,0,31,448,1021,2105032126
883,شاهرود,0,15,270,790,2003031547
884,شاهو,0,22,215,387,514012034
885,شاهین دژ,0,2,271,667,411011250
886,شاهین شهر,0,4,272,607,1016031401
887,شباب,0,6,146,389,1604042850
888,شبانکاره,0,7,185,390,1803022157
889,شبستر,0,1,273,645,314021210
890,شرافت,0,13,277,771,612022036
891,شربیان,0,1,239,1041,305022330
892,شرفخانه,0,1,273,645,314021211
893,شروینه,0,22,134,494,509042900
894,شریف آباد,0,8,106,392,2313012490
895,شریفیه,0,18,40,578,2605012040
896,ششتمد,0,11,237,393,908062344
897,ششده,0,17,309,394,708012180
898,شفت,0,25,274,938,112021141
899,شلمان,0,25,380,509,110032141
900,شلمزار,0,9,357,704,1407012153
901,شمس آباد,0,13,183,765,608022100
902,شمشک,0,8,275,290,2304012778
903,شنبه,0,7,186,397,1804032050
904,شندآباد,0,1,273,645,314022101
905,شوسف,0,10,429,398,2905012441
906,شوش,0,13,276,770,614021281
907,شوشتر,0,13,277,771,612021290
908,شوط,0,2,278,668,417021244
909,شوقان,0,12,129,173,2803022433
910,شول آباد,0,26,41,315,1501022728
911,شویشه,0,20,259,491,1204042462
912,شهباز,0,28,269,454,7042774
913,شهداد,0,21,338,400,808021341
914,شهر امام,0,13,183,765,608022417
915,شهراباد,0,11,69,401,923032090
916,شهربابک,0,21,279,882,807011339
917,شهرپیر,0,17,229,56,719012558
918,شهرجدیدهشتگرد,0,5,235,620,3002012664
919,شهرزو,0,11,340,308,928012609
920,شهرصدرا,0,17,283,838,707052015
921,شهرضا,0,4,280,608,1009021422
922,شهرکرد,0,9,281,701,1402021482
923,شهریار,0,8,282,690,2309021588
924,شهریار1,2,8,282,690,2309022694
925,شهریار2,2,8,282,690,2309022695
926,شهریار3,2,8,282,690,2309022696
927,شهمیرزاد,0,15,405,402,2005011543
928,شهیون,0,13,183,403,608042927
929,شیبان,0,13,63,1085,624022310
930,شیراز,0,17,283,838,707051309
931,شیراز 10,2,17,283,838,707052864
932,شیراز 9,2,17,283,838,707052738
933,شیراز1,2,17,283,838,707051627
934,شیراز2,2,17,283,838,707051628
935,شیراز3,2,17,283,838,707051693
936,شیراز4,2,17,283,838,707051694
937,شیراز5,2,17,283,838,707051695
938,شیراز6,2,17,283,838,707051696
939,شیراز7,2,17,283,838,707052532
940,شیراز8,2,17,283,838,707052533
941,شیرگاه,0,27,261,965,227011173
942,شیروان,0,12,284,748,2804021368
943,شیرود,0,27,123,959,205021100
944,شیرین سو,0,30,335,407,1305032470
945,صاحب,0,20,252,326,1203012502
946,صادق اباد,0,24,358,569,2714022884
947,صالح آباد,0,6,407,409,1605021509
948,صالح آباد,0,11,285,733,940011362
949,صالح آباد,0,30,93,410,1307032216
950,صالح شهر,0,13,359,773,620022009
951,صالحیه,0,8,94,539,2319012665
952,صایین قلعه,0,14,18,779,1901031530
953,صباشهر,0,8,282,690,2309022277
954,صحنه,0,22,286,909,510021257
955,صغاد,0,17,2,110,701051297
956,صفادشت,0,8,397,412,2317022373
957,صفاشهر,0,17,158,828,718021294
958,صفاییه,0,21,214,438,804052085
959,صفی آباد,0,12,30,72,2801012430
960,صفی آباد,0,13,183,765,608022418
961,صمصامی,0,9,353,264,1406032839
962,صوفیان,0,1,273,415,314011212
963,صومعه سرا,0,25,287,939,108021140
964,صیدون,0,13,59,417,615032596
965,ضیاآباد,0,18,113,418,2602032158
966,طاقانک,0,9,281,701,1402022359
967,طالخونچه,0,4,386,615,1017012204
968,طالقان,0,5,289,621,3004012169
969,طبس,0,10,290,712,2911021369
970,طبس مسینا,0,10,181,533,2902022052
971,طبقده,0,27,412,551,225022931
972,طبل,0,29,323,215,2204042940
973,طرق رود,0,4,421,618,1015012754
974,طرقبه,0,11,102,421,932011389
975,طسوج,0,17,348,423,728022904
976,عاشقلو,0,1,154,1033,326032944
977,عالی شهر,0,7,88,673,1801022867
978,عباس اباد,0,27,292,967,224011164
979,عجب شیر,0,1,293,646,325021222
980,عرب حسن,0,13,277,1044,612042968
981,عسگران,0,4,127,486,1019012449
982,عسلویه,0,7,294,680,1810012621
983,عشق آباد,0,10,290,256,2911012345
984,عشق آباد,0,11,432,1045,917052438
985,عقدا,0,31,22,426,2101032623
986,علامرودشت,0,17,375,428,715042236
987,علویجه,0,4,419,1042,1014031438
988,علی اباد,0,21,138,874,803042953
989,علی اباد,0,24,295,920,2703011174
990,علی اکبر,0,16,437,151,1116022046
991,علیشاه,0,1,273,645,314022947
992,عماد شهر,0,17,373,411,711082709
993,عنبر,0,13,394,430,613052930
994,عنبرآباد,0,21,296,883,812011333
995,عنبران,0,3,425,431,2408032576
996,غرق آباد,0,28,236,1070,6041111
997,غلامان,0,12,201,432,2808022942
998,فارسان,0,9,297,702,1403021486
999,فارغان,0,29,149,434,2208012626
1000,فاروج,0,12,298,749,2805021377
1001,فاروق,0,17,392,369,712062951
1002,فاریاب,0,21,299,884,822012429
1003,فاضل آباد,0,24,295,498,2703022507
1004,فال,0,17,406,542,721012966
1005,فامنین,0,30,300,1007,1309012192
1006,فتح آباد,0,4,257,1082,1005042936
1007,فتح المبین,0,13,276,435,614032718
1008,فخراباد,0,3,395,1027,2404032704
1009,فدامی,0,17,175,444,705042016
1010,فرادبنه,0,9,72,697,1401031479
1011,فراشبند,0,17,301,839,722011311
1012,فراغی,0,24,342,136,2709032835
1013,فرح آباد,0,27,233,294,207072874
1014,فرخ شهر,0,9,281,437,1402061483
1015,فرخی,0,4,171,604,1023012077
1016,فردوس,0,10,303,33,2907031373
1017,فردوسیه,0,8,282,182,2309032491
1018,فردیس1,2,5,304,622,3006012282
1019,فردیس2,2,5,304,622,3006012540
1020,فرسفج,0,30,125,463,1301012467
1021,فرمهین,0,28,302,986,13012136
1022,فرون اباد,0,8,106,684,2313022705
1023,فرهادگرد,0,11,308,734,922022566
1024,فریدونشهر,0,4,306,610,1007011418
1025,فریدونکنار,0,27,307,968,223021152
1026,فریم,0,27,233,265,207022588
1027,فریمان,0,11,308,734,922021390
1028,فسا,0,17,309,840,708031310
1029,فشم,0,8,275,290,2304011582
1030,فلاورجان,0,4,310,611,1008021419
1031,فنوج,0,16,311,808,1119012175
1032,فولادشهر,0,4,378,614,1012032128
1033,فومن,0,25,312,941,109021142
1034,فهرج,0,21,313,885,819012317
1035,فیرورق,0,2,174,445,403061239
1036,فیروزآباد,0,17,314,841,709031313
1037,فیروزآباد,0,26,253,447,1509012367
1038,فیروزان,0,30,428,235,1303012206
1039,فیروزکوه,0,8,315,691,2314021577
1040,فیروزه,0,11,316,735,933012220
1041,فیض آباد,0,11,403,742,930021360
1042,فیل اباد,0,9,297,60,1403032938
1043,فین,0,29,82,449,2202032307
1044,قادراباد,0,17,158,1028,718011323
1045,قاسم آباد,0,11,169,171,919032439
1046,قاضی,0,12,384,357,2806012567
1047,قایم شهر,0,27,317,969,210021176
1048,قایمیه,0,17,350,845,733012108
1049,قاین,0,10,318,713,2904021375
1050,قدس,0,8,319,692,2316012116
1051,قدمگاه,0,11,432,310,917022246
1052,قرچک,0,8,320,693,2321011593
1053,قرق,0,24,362,108,2705032868
1054,قرقری,0,16,447,450,1111022916
1055,قروه,0,20,321,867,1205021462
1056,قروه درگزین,0,30,180,1005,1310021470
1057,قره آغاج,0,1,140,642,323022145
1058,قره بلاغ,0,17,309,394,708012762
1059,قره ضیاءالدین,0,2,144,663,416021237
1060,قزوین,0,18,322,858,2603051595
1061,قزوین 1,2,18,322,858,2603052291
1062,قزوین 2,2,18,322,858,2603052292
1063,قزوین 3,2,18,322,858,2603052520
1064,قزوین 4,2,18,322,858,2603052703
1065,قشم,0,29,323,1000,2204021573
1066,قصابه,0,3,395,456,2404052749
1067,قصرشیرین,0,22,324,910,506021266
1068,قصرقند,0,16,325,809,1118011445
1069,قطب آباد,0,17,137,483,704032178
1070,قطرویه,0,17,430,457,714042058
1071,قطور,0,2,174,458,403052044
1072,قلعه,0,22,339,119,502082896
1073,قلعه تل,0,13,59,759,615022551
1074,قلعه خواجه,0,13,45,753,621032550
1075,قلعه رییسی,0,23,355,189,1702022479
1076,قلعه قاضی,0,29,82,461,2202062063
1077,قلعه گنج,0,21,326,886,816022176
1078,قلعه نو,0,8,221,462,2303062887
1079,قلعه نوعلیا,0,11,57,71,937022970
1080,قلندرآباد,0,11,308,464,922012442
1081,قم,0,19,327,859,2501031114
1082,قم 1,2,19,327,859,2501032221
1083,قم 2,2,19,327,859,2501032222
1084,قم 3,2,19,327,859,2501032223
1085,قم 4,2,19,327,859,2501032224
1086,قم 5,2,19,327,859,2501032096
1087,قم 6,2,19,327,859,2501032097
1088,قم 7,2,19,327,859,2501032810
1089,قم 8,2,19,327,859,2501032811
1090,قمصر,0,4,332,465,1010021424
1091,قنوات,0,19,327,859,2501032516
1092,قوچان,0,11,328,736,913031378
1093,قورچی باشی,0,28,165,499,4022541
1094,قوشچی,0,2,26,51,401012150
1095,قوشخانه,0,12,284,466,2804032846
1096,قهاوند,0,30,443,391,1304052356
1097,قهجاورستان,0,4,37,596,1002032021
1098,قهدریجان,0,4,310,467,1008031439
1099,قهستان,0,10,181,468,2902012051
1100,قیام دشت,0,8,221,226,2303052886
1101,قیدار,0,14,155,781,1903031533
1102,قیر,0,17,329,842,720021312
1103,کاج,0,9,23,696,1405012807
1104,کاخک,0,11,369,469,915031384
1105,کارچان,0,28,19,1029,1041600
1106,کارزین (فتح آباد),0,17,329,842,720022422
1107,کاریز,0,11,114,718,904022562
1108,کازرون,0,17,331,843,710041315
1109,کاشان,0,4,332,612,1010031425
1110,کاشمر,0,11,333,737,914041381
1111,کاظم آباد,0,21,338,194,808072324
1112,کاکی,0,7,186,473,1804012131
1113,کامفیروز,0,17,392,475,712032555
1114,کامو و چوگان,0,4,332,465,1010022831
1115,کامیاران,0,20,334,868,1208011457
1116,کانی دینار,0,20,393,869,1206032055
1117,کانی سور,0,20,62,1068,1201032458
1118,کبودرآهنگ,0,30,335,1008,1305021473
1119,کتالم وسادات شهر,0,27,203,962,206011168
1120,کجور,0,27,427,478,215022779
1121,کدکن,0,11,117,479,905052243
1122,کرج,0,5,336,623,3001011590
1123,کرج 1,2,5,336,623,3001012280
1124,کرج 10,2,5,336,623,3001012766
1125,کرج 2,2,5,336,623,3001012281
1126,کرج 3,2,5,336,623,3001012767
1127,کرج 4,2,5,336,623,3001012283
1128,کرج 5,2,5,336,623,3001012284
1129,کرج 6,2,5,336,623,3001012285
1130,کرج 7,2,5,336,623,3001012286
1131,کرج 8,2,5,336,623,3001012287
1132,کرج 9,2,5,336,623,3001012288
1133,کردکوی,0,24,337,921,2704011179
1134,کرسف,0,14,155,781,1903032832
1135,کرفس,0,30,180,386,1310012870
1136,کرکوند,0,4,386,615,1017012448
1137,کرمان,0,21,338,887,808051346
1138,کرمان 1,2,21,338,887,808051675
1139,کرمان 2,2,21,338,887,808051676
1140,کرمان 3,2,21,338,887,808051677
1141,کرمان 4,2,21,338,887,808052534
1142,کرمانشاه,0,22,339,911,502041258
1143,کرمانشاه 1,2,22,339,911,502041666
1144,کرمانشاه 2,2,22,339,911,502041667
1145,کرمانشاه 3,2,22,339,911,502041668
1146,کرمانشاه 4,2,22,339,911,502041669
1147,کرمانشاه 5,2,22,339,911,502041670
1148,کرمانشاه 6,2,22,339,911,502041671
1149,کرمانشاه 7,2,22,339,911,502042856
1150,کرمانشاه 8,2,22,339,911,502042857
1151,کرند,0,22,176,905,513021255
1152,کره ای,0,17,245,836,732012557
1153,کشاورز,0,2,271,487,411022407
1154,کشکسرای,0,1,391,649,307022143
1155,کشکوییه,0,21,214,488,804032319
1156,کلات,0,11,340,738,928021391
1157,کلاته,0,15,177,788,2001022759
1158,کلاته خیج,0,15,270,87,2003012160
1159,کلاچای,0,25,219,492,107051138
1160,کلارآباد,0,27,292,493,224031165
1161,کلاردشت,0,27,341,970,228011191
1162,کلاله,0,24,342,922,2709021185
1163,کلمه,0,7,185,106,1803052619
1164,کلوانق,0,1,439,652,316022333
1165,کلور,0,3,162,385,2403032165
1166,کلیبر,0,1,343,647,315021199
1167,کلیشادوسودرجان,0,4,310,611,1008021420
1168,کمال شهر,0,5,336,623,3001012272
1169,کمشچه,0,4,68,213,1022012571
1170,کمه,0,4,257,122,1005012443
1171,کمیجان,0,28,344,987,11011102
1172,کنارتخته,0,17,331,501,710022181
1173,کنارک,0,16,345,810,1109021447
1174,کندر,0,11,163,395,929012656
1175,کنگ,0,29,84,993,2203051570
1176,کنگاور,0,22,347,912,507011267
1177,کوار,0,17,348,844,728011307
1178,کوپن,0,17,210,361,726012777
1179,کوت سیدنعیم,0,13,184,766,609022795
1180,کوت عبداله,0,13,330,772,627012790
1181,کوچصفهان,0,25,211,503,105031127
1182,کوراییم,0,3,431,505,2409022636
1183,کوزران,0,22,339,507,502072412
1184,کوزه کنان,0,1,273,645,314022544
1185,کوشک,0,4,166,602,1003012188
1186,کوشکنار,0,29,104,508,2211012004
1187,کومله,0,25,380,509,110031144
1188,کوهبنان,0,21,351,889,814021336
1189,کوهپایه,0,4,37,510,1002021403
1190,کوهدشت,0,26,352,954,1506031495
1191,کوهسار,0,5,235,203,3002032630
1192,کوهستک,0,29,266,95,2212012815
1193,کوهنانی,0,26,352,515,1506042364
1194,کوهنجان,0,17,251,516,725012710
1195,کوهی خیل,0,27,135,554,221012397
1196,کوهیچ,0,29,74,990,2209022960
1197,کوهین,0,18,322,517,2603072579
1198,کهریزسنگ,0,4,419,617,1014022570
1199,کهریزک,0,8,221,519,2303032488
1200,کهک,0,19,327,520,2501042275
1201,کهن آباد,0,15,6,521,2006022768
1202,کهنوج,0,21,356,888,809041347
1203,کیاسر,0,27,233,210,207012170
1204,کیاشهر,0,25,10,522,102011118
1205,کیاکلا,0,27,267,966,226011177
1206,کیان,0,9,281,701,1402022123
1207,کیانشهر,0,21,351,424,814012110
1208,کیش,0,29,84,523,2203032193
1209,کیلان,0,8,191,687,2302021580
1210,گالیکش,0,24,358,923,2714011187
1211,گتاب,0,27,55,527,202062587
1212,گتوند,0,13,359,773,620021289
1213,گتیج,0,16,311,528,1119022913
1214,گراب,0,26,352,422,1506022257
1215,گراب سفلی,0,23,90,567,1701042478
1216,گراش,0,17,361,846,727011319
1217,گرگاب,0,4,272,607,1016031597
1218,گرگان,0,24,362,924,2705021181
1219,گرگان 1,2,24,362,924,2705022697
1220,گرگان 2,2,24,362,924,2705022698
1221,گرگان 3,2,24,362,924,2705022866
1222,گرماب,0,14,155,41,1903012260
1223,گرمدره,0,5,336,623,3001012635
1224,گرمسار,0,15,363,791,2004021550
1225,گرمه,0,12,364,750,2807012054
1226,گرمی,0,3,365,591,2405041232
1227,گروک,0,29,266,999,2212022724
1228,گزبرخوار,0,4,272,607,1016031402
1229,گزنک,0,27,14,559,201012388
1230,گزیک,0,10,181,533,2902022725
1231,گشت,0,16,240,805,1106042048
1232,گل تپه,0,30,335,534,1305012469
1233,گلباف,0,21,338,535,808031342
1234,گلبهار,0,11,148,536,918012854
1235,گلپایگان,0,4,366,613,1011011426
1236,گلدشت,0,4,419,617,1014022122
1237,گلزار,0,21,70,538,810032241
1238,گلسار,0,5,235,620,3002012026
1239,گلستان,0,8,94,539,2319012278
1240,گلشن,0,4,194,605,1021012093
1241,گلشهر,0,4,366,613,1011012511
1242,گلگیر,0,13,394,541,613042793
1243,گلمکان,0,11,148,536,918012068
1244,گلمورتی,0,16,189,800,1112012451
1245,گلوگاه,0,27,55,99,202032390
1246,گلوگاه,0,27,367,971,222021157
1247,گله دار,0,17,406,542,721012425
1248,گلیداغ,0,24,390,543,2712022885
1249,گمیش تپه,0,24,368,925,2713011155
1250,گناباد,0,11,369,740,915021385
1251,گنبدکاووس,0,24,371,926,2706041186
1252,گنبکی,0,21,222,545,817012822
1253,گندمان,0,9,72,546,1401022152
1254,گوجان,0,9,297,702,1403022805
1255,گودین,0,22,347,912,507012834
1256,گوراب زرمیخ,0,25,287,1049,108032328
1257,گوریه,0,13,277,396,612032714
1258,گوگ تپه,0,2,404,670,407022869
1259,گوگان,0,1,5,548,321011202
1260,گوگد,0,4,366,613,1011011427
1261,گوهران,0,29,75,549,2213022062
1262,گهرو,0,9,357,704,1407012358
1263,گهواره,0,22,176,552,513012409
1264,گیان,0,30,428,553,1303042660
1265,گیلانغرب,0,22,372,913,508011268
1266,گیوی,0,3,349,590,2407011218
1267,لاجان,0,2,111,556,402022546
1268,لار,0,17,373,847,711041320
1269,لاریجان,0,1,154,531,326022945
1270,لالجین,0,30,93,561,1307011472
1271,لاله زار,0,21,70,563,810022065
1272,لالی,0,13,374,774,617012104
1273,لامرد,0,17,375,848,715011318
1274,لاهرود,0,3,395,1027,2404032301
1275,لاهیجان,0,25,376,942,111021147
1276,لای بید,0,4,272,1052,1016021598
1277,لپویی,0,17,226,833,730012421
1278,لردگان,0,9,377,705,1404021487
1279,لشت نشاء,0,25,211,564,105041128
1280,لطف آباد,0,11,179,565,907021364
1281,لطیفی,0,17,373,847,711042013
1282,لمزان,0,29,84,1040,2203062813
1283,لنده,0,23,379,899,1708012129
1284,لنگرود,0,25,380,943,110011145
1285,لواسان,0,8,275,566,2304021583
1286,لوجلی,0,12,284,340,2804012435
1287,لوشان,0,25,217,935,106031131
1288,لولمان,0,25,211,503,105032075
1289,لومار,0,6,265,632,1609012155
1290,لوندویل,0,25,9,568,101022583
1291,لیردف,0,29,130,570,2206032872
1292,لیسار,0,25,291,485,104042381
1293,لیکک,0,23,97,893,1705022368
1294,لیلان,0,1,399,571,320012296
1295,مادرسلیمان,0,17,105,126,723022783
1296,مادوان,0,23,90,894,1701032023
1297,مارگون,0,23,381,900,1709012477
1298,ماژین,0,6,182,572,1602042849
1299,ماسال,0,25,382,944,116021123
1300,ماسوله,0,25,312,343,109031143
1301,ماکلوان,0,25,312,343,109032804
1302,ماکو,0,2,383,669,406041246
1303,مال خلیفه,0,9,377,441,1404012472
1304,مامونیه,0,28,228,983,10021109
1305,ماه نشان,0,14,385,786,1909022207
1306,ماهان,0,21,338,574,808041344
1307,ماهدشت,0,5,336,623,3001012118
1308,مبارک آباددیز,0,17,329,842,720022012
1309,مبارک شهر,0,1,399,650,320022844
1310,مبارکه,0,4,386,615,1017011428
1311,مجلسی,0,4,386,615,1017011599
1312,مجن,0,15,270,87,2003011546
1313,محلات,0,28,387,988,9011115
1314,محمدآباد,0,4,37,160,1002012247
1315,محمدآباد,0,16,437,815,1116012354
1316,محمدآباد,0,21,222,879,817022316
1317,محمدان,0,16,78,795,1120012049
1318,محمدشهر,0,5,336,623,3001012273
1319,محمدشهر,0,10,172,708,2910012019
1320,محمدی,0,16,240,805,1106042047
1321,محمدیار,0,2,423,577,409031253
1322,محمدیه,0,18,40,578,2605012218
1323,محمله,0,17,167,579,724012907
1324,محمودآباد,0,2,271,667,411012591
1325,محمودآباد,0,27,388,972,218021150
1326,محمودآبادنمونه,0,18,322,858,2603052375
1327,محی آباد,0,21,338,574,808042321
1328,مرادلو,0,3,395,580,2404042723
1329,مراغه,0,1,389,648,306021223
1330,مراغه 1,2,1,389,648,306021649
1331,مراغه 2,2,1,389,648,306021650
1332,مراوه,0,24,390,927,2712012498
1333,مرجقل,0,25,287,149,108012140
1334,مردهک,0,21,296,159,812032602
1335,مرزن آباد,0,27,142,583,220031192
1336,مرزیکلا,0,27,55,61,202042391
1337,مرگنلر,0,2,278,453,417012736
1338,مرند,0,1,391,649,307021228
1339,مرودشت,0,17,392,849,712041324
1340,مروست,0,31,151,1022,2109021557
1341,مریانج,0,30,443,1011,1304071474
1342,مریوان,0,20,393,869,1206031463
1343,مزایجان,0,17,87,1023,716032780
1344,مزدآوند,0,11,246,582,920012607
1345,مزرعه,0,24,295,920,2703012836
1346,مس سرچشمه,0,21,214,877,804022227
1347,مسجدسلیمان,0,13,394,775,613031291
1348,مسجدسلیمان 1,2,13,394,775,613032671
1349,مسجدسلیمان 2,2,13,394,775,613032672
1350,مشراگه,0,13,204,1024,619022719
1351,مشکات,0,4,332,612,1010032657
1352,مشکان,0,11,173,1025,938022902
1353,مشکان,0,17,430,130,714022556
1354,مشکین دشت,0,5,304,1026,3006022271
1355,مشگین شهر,0,3,395,592,2404021229
1356,مشهد,0,11,396,741,916051392
1357,مشهد 12,2,11,396,741,916052000
1358,مشهد ثامن,0,11,396,741,916052526
1359,مشهد1,2,11,396,741,916051629
1360,مشهد10,2,11,396,741,916051648
1361,مشهد11,2,11,396,741,916052524
1362,مشهد2,2,11,396,741,916051630
1363,مشهد3,2,11,396,741,916051631
1364,مشهد4,2,11,396,741,916051632
1365,مشهد5,2,11,396,741,916051643
1366,مشهد6,2,11,396,741,916051644
1367,مشهد7,2,11,396,741,916051645
1368,مشهد8,2,11,396,741,916051646
1369,مشهد9,2,11,396,741,916051647
1370,مشهدریزه,0,11,114,1046,904032654
1371,مصیری,0,17,210,832,726022337
1372,معزابادجابری,0,17,156,827,729022962
1373,معلم کلایه,0,18,322,288,2603022494
1374,معمولان,0,26,109,1030,1508022366
1375,مغان سر,0,3,103,138,2406032029
1376,مقاومت,0,13,160,764,607012334
1377,ملاثانی,0,13,63,760,624012106
1378,ملارد,0,8,397,694,2317012217
1379,ملایر,0,30,398,1009,1302031467
1380,ملک آباد,0,11,396,16,916012437
1381,ملکان,0,1,399,650,320021224
1382,ممقان,0,1,5,1031,321021203
1383,منتظران,0,13,183,765,608022967
1384,منج,0,9,377,1032,1404042731
1385,منجیل,0,25,217,935,106031133
1386,منصوریه,0,13,95,762,606032797
1387,منظریه,0,4,280,608,1009022446
1388,منوجان,0,21,402,890,813012240
1389,موچش,0,20,334,1034,1208022466
1390,مود,0,10,243,1035,2903022642
1391,مورموری,0,6,3,489,1606012616
1392,موسیان,0,6,196,1037,1603031506
1393,مومن آباد,0,26,27,153,1507012365
1394,مهاباد,0,4,21,1039,1001032214
1395,مهاباد,0,2,404,670,407021248
1396,مهاجران,0,28,269,307,7032032
1397,مهاجران,0,30,93,561,1307012757
1398,مهدی شهر,0,15,405,792,2005021544
1399,مهر,0,6,400,529,1608022745
1400,مهر,0,17,406,851,721022211
1401,مهران,0,6,407,634,1605031510
1402,مهربان,0,1,239,1041,305021216
1403,مهردشت,0,31,16,109,2107012372
1404,مهرستان,0,16,408,811,1113012355
1405,مهریز,0,31,409,1019,2104011558
1406,میامی,0,15,410,793,2007012162
1407,میان راهان,0,22,286,273,510012414
1408,میاندوآب,0,2,411,671,408031251
1409,میانرود,0,13,183,765,608022419
1410,میانشهر,0,17,309,404,708022829
1411,میانکوه,0,13,43,752,616022969
1412,میانه,0,1,413,651,310041233
1413,میبد,0,31,414,1020,2106011552
1414,میداود,0,13,59,1048,615042720
1415,میرآباد,0,2,248,1083,404022406
1416,میرآباد,0,22,128,316,512032977
1417,میرجاوه,0,16,415,812,1117011452
1418,میلاجرد,0,28,344,1050,11022379
1419,میمند,0,17,314,1051,709041314
1420,میمه,0,4,272,1052,1016021408
1421,میمه,0,6,196,337,1603041504
1422,میناب,0,29,416,1001,2205031575
1423,مینودشت,0,24,417,928,2707041188
1424,مینوشهر,0,13,160,1054,607022312
1425,نازک علیا,0,2,110,22,415012733
1426,ناغان,0,9,357,1058,1407022154
1427,نافچ,0,9,281,701,1402022471
1428,نالوس,0,2,36,1059,413022408
1429,نایین,0,4,418,616,1013031435
1430,نجف آباد,0,4,419,617,1014021440
1431,نجف شهر,0,21,264,881,806012340
1432,نخل تقی,0,7,294,680,1810012622
1433,ندوشن,0,31,414,1060,2106022322
1434,نراق,0,28,190,982,5011107
1435,نرجه,0,18,113,857,2602042639
1436,نرماشیر,0,21,420,891,821012338
1437,نسیم شهر,0,8,94,104,2319022208
1438,نشتارود,0,27,123,1062,205031166
1439,نشتیفان,0,11,169,725,919022565
1440,نصرآباد,0,4,37,160,1002012512
1441,نصرآباد,0,11,116,1063,906032342
1442,نصرت آباد,0,16,225,1064,1105032454
1443,نصیرشهر,0,8,208,688,2312022666
1444,نطنز,0,4,421,618,1015011442
1445,نظام شهر,0,21,420,287,821022598
1446,نظرآباد,0,5,422,624,3003011586
1447,نظرکهریزی,0,1,440,1065,311032590
1448,نقاب,0,11,136,722,936012184
1449,نقده,0,2,423,672,409021254
1450,نقنه,0,9,72,697,1401032706
1451,نکا,0,27,424,974,219011160
1452,نگار,0,21,70,1066,810042326
1453,نگور,0,16,187,799,1122011444
1454,نگین شهر,0,24,8,915,2710022640
1455,نلاس,0,2,248,1083,404022922
1456,نمین,0,3,425,593,2408021197
1457,نوبران,0,28,236,1070,6042137
1458,نوبندگان,0,17,309,1071,708042652
1459,نوجین,0,17,301,839,722012060
1460,نوخندان,0,11,179,1072,907041366
1461,نودان,0,17,350,514,733022424
1462,نودژ,0,21,402,9,813022604
1463,نودشه,0,22,107,1074,503031262
1464,نوده خاندوز,0,24,8,195,2710012581
1465,نور,0,27,426,975,214031189
1466,نورآباد,0,17,401,850,713031325
1467,نورآباد,0,26,188,950,1504021494
1468,نوربهار,0,14,155,781,1903032833
1469,نوسود,0,22,107,1074,503031263
1470,نوش آباد,0,4,7,597,1018022505
1471,نوشهر,0,27,427,976,215041194
1472,نوشین,0,2,26,1056,401052151
1473,نوک آباد,0,16,120,796,1121012452
1474,نوکنده,0,24,83,1076,2701022194
1475,نهاوند,0,30,428,1010,1303021468
1476,نهبندان,0,10,429,714,2905021356
1477,نی ریز,0,17,430,852,714031326
1478,نیاسر,0,4,332,1077,1010042302
1479,نیر,0,3,431,594,2409011198
1480,نیر,0,31,119,1078,2103031556
1481,نیشابور,0,11,432,743,917041394
1482,نیشابور 1,2,11,432,743,917042786
1483,نیشابور 2,2,11,432,743,917042787
1484,نیک آباد,0,4,37,160,1002012186
1485,نیک پی,0,14,230,317,1904022764
1486,نیک شهر,0,16,433,813,1107051448
1487,نیل شهر,0,11,116,103,906042655
1488,نیمبلوک,0,10,318,1080,2904032646
1489,نیمور,0,28,387,988,9011116
1490,واجارگاه,0,25,219,492,107051139
1491,وایقان,0,1,273,645,314022149
1492,وحدتیه,0,7,185,351,1803012482
1493,وحیدیه,0,8,282,182,2309032293
1494,ورامین,0,8,435,695,2306031594
1495,وراوی,0,17,406,1081,721032559
1496,وردنجان,0,9,79,698,1409012732
1497,ورزقان,0,1,436,655,324022142
1498,ورزنه,0,4,37,96,1002051404
1499,ورنامخواست,0,4,378,614,1012032112
1500,وزوان,0,4,272,1052,1016021409
1501,ونایی,0,26,71,37,1502012971
1502,ونک,0,4,257,606,1005022351
1503,ویس,0,13,63,1085,624022309
1504,ویسیان,0,26,147,1086,1510032362
1505,هادی شهر,0,27,56,291,216042394
1506,هادیشهر,0,1,132,641,319021226
1507,هارونی,0,9,281,558,1402052838
1508,هجدک,0,21,207,513,811012599
1509,هچیرود,0,27,142,961,220022748
1510,هرات,0,31,151,1018,2109011559
1511,هرسین,0,22,438,914,511021259
1512,هرمز,0,29,82,1088,2202071572
1513,هرند,0,4,37,168,1002061405
1514,هریس,0,1,439,652,316021217
1515,هزارکانیان,0,20,199,327,1207032925
1516,هشتبندی,0,29,416,148,2205042003
1517,هشتپر (تالش),0,25,291,940,104031124
1518,هشتجین,0,3,162,246,2403012164
1519,هشترود,0,1,440,653,311021234
1520,هشتگرد,0,5,235,620,3002011587
1521,هفت چشمه,0,26,188,472,1504012727
1522,هفتگل,0,13,441,776,622021292
1523,هفشجان,0,9,281,701,1402021484
1524,هلشی,0,22,339,448,502032410
1525,هماشهر,0,17,238,1091,706032711
1526,هماشهر,0,21,264,125,806022722
1527,همت آباد,0,11,316,420,933022066
1528,همدان,0,30,443,1011,1304071475
1529,همدان 1,2,30,443,1011,1304071691
1530,همدان 2,2,30,443,1011,1304071692
1531,همدان 3,2,30,443,1011,1304072522
1532,همدان 4,2,30,443,1011,1304072523
1533,هندودر,0,28,269,339,7022380
1534,هندیجان,0,13,444,777,618011277
1535,هنزا,0,21,200,1093,818022771
1536,هنگوییه,0,29,74,176,2209012959
1537,هوراند,0,1,445,654,327012294
1538,هوره,0,9,234,309,1408022918
1539,هویزه,0,13,446,778,623021285
1540,هیدج,0,14,18,779,1901031531
1541,هیدوچ,0,16,263,1094,1114022613
1542,هیر,0,3,20,1095,2401042299
1543,یاسوج,0,23,90,894,1701031512
1544,یاسوکند,0,20,98,480,1202022190
1545,یامچی,0,1,391,1096,307032400
1546,یان چشمه,0,9,79,406,1409022919
1547,یزد,0,31,448,1021,2105031562
1548,یزد1,2,31,448,1021,2105031657
1549,یزد2,2,31,448,1021,2105031658
1550,یزد3,2,31,448,1021,2105032525
1551,یزدان شهر,0,21,227,1098,805032601
1552,یکه سعود,0,12,201,162,2808032943
1553,یولاگلدی,0,2,278,668,417022899
1554,یونسی,0,11,64,1099,931022610
